-- phpMyAdmin SQL Dump
-- version 4.7.4
-- https://www.phpmyadmin.net/
--
-- Host: 127.0.0.1:3306
-- Generation Time: Jan 05, 2019 at 06:03 PM
-- Server version: 5.7.19
-- PHP Version: 5.6.31

SET SQL_MODE = "NO_AUTO_VALUE_ON_ZERO";
SET AUTOCOMMIT = 0;
START TRANSACTION;
SET time_zone = "+00:00";


/*!40101 SET @OLD_CHARACTER_SET_CLIENT=@@CHARACTER_SET_CLIENT */;
/*!40101 SET @OLD_CHARACTER_SET_RESULTS=@@CHARACTER_SET_RESULTS */;
/*!40101 SET @OLD_COLLATION_CONNECTION=@@COLLATION_CONNECTION */;
/*!40101 SET NAMES utf8mb4 */;

--
-- Database: `api`
--

-- --------------------------------------------------------

--
-- Table structure for table `migrations`
--

DROP TABLE IF EXISTS `migrations`;
CREATE TABLE IF NOT EXISTS `migrations` (
  `id` int(10) UNSIGNED NOT NULL AUTO_INCREMENT,
  `migration` varchar(191) COLLATE utf8mb4_unicode_ci NOT NULL,
  `batch` int(11) NOT NULL,
  PRIMARY KEY (`id`)
) ENGINE=MyISAM AUTO_INCREMENT=5 DEFAULT CHARSET=utf8mb4 COLLATE=utf8mb4_unicode_ci;

--
-- Dumping data for table `migrations`
--

INSERT INTO `migrations` (`id`, `migration`, `batch`) VALUES
(1, '2014_10_12_000000_create_users_table', 1),
(2, '2014_10_12_100000_create_password_resets_table', 1),
(3, '2019_01_05_091258_create_products_table', 1),
(4, '2019_01_05_091526_create_reviews_table', 1);

-- --------------------------------------------------------

--
-- Table structure for table `password_resets`
--

DROP TABLE IF EXISTS `password_resets`;
CREATE TABLE IF NOT EXISTS `password_resets` (
  `email` varchar(191) COLLATE utf8mb4_unicode_ci NOT NULL,
  `token` varchar(191) COLLATE utf8mb4_unicode_ci NOT NULL,
  `created_at` timestamp NULL DEFAULT NULL,
  KEY `password_resets_email_index` (`email`)
) ENGINE=MyISAM DEFAULT CHARSET=utf8mb4 COLLATE=utf8mb4_unicode_ci;

-- --------------------------------------------------------

--
-- Table structure for table `products`
--

DROP TABLE IF EXISTS `products`;
CREATE TABLE IF NOT EXISTS `products` (
  `id` int(10) UNSIGNED NOT NULL AUTO_INCREMENT,
  `name` varchar(191) COLLATE utf8mb4_unicode_ci NOT NULL,
  `detail` text COLLATE utf8mb4_unicode_ci NOT NULL,
  `price` int(11) NOT NULL,
  `stock` int(11) NOT NULL,
  `discount` int(11) NOT NULL,
  `created_at` timestamp NULL DEFAULT NULL,
  `updated_at` timestamp NULL DEFAULT NULL,
  PRIMARY KEY (`id`)
) ENGINE=MyISAM AUTO_INCREMENT=251 DEFAULT CHARSET=utf8mb4 COLLATE=utf8mb4_unicode_ci;

--
-- Dumping data for table `products`
--

INSERT INTO `products` (`id`, `name`, `detail`, `price`, `stock`, `discount`, `created_at`, `updated_at`) VALUES
(1, 'molestiae', 'At nemo distinctio ullam. Aspernatur inventore distinctio at minus sapiente nihil molestias. Omnis voluptates quo ducimus rerum.', 309, 0, 12, '2019-01-05 09:50:39', '2019-01-05 09:50:39'),
(2, 'dolorum', 'Omnis doloribus nostrum accusamus atque aliquam saepe. Beatae et id recusandae possimus eum. Molestias quos quod ipsam qui assumenda provident. Doloremque tempore voluptatem deserunt error iusto est.', 596, 0, 9, '2019-01-05 09:50:39', '2019-01-05 09:50:39'),
(3, 'illum', 'Perspiciatis rerum aut sunt autem rerum tenetur. Cumque iusto consequuntur consectetur ipsum quae. Facilis quaerat saepe dolores soluta sapiente optio ea.', 215, 7, 20, '2019-01-05 09:50:39', '2019-01-05 09:50:39'),
(4, 'rem', 'Tempora quidem rerum quae aliquam quo iusto similique. Sint officia soluta modi similique est. Aut accusantium nihil aut magni.', 345, 3, 11, '2019-01-05 09:50:39', '2019-01-05 09:50:39'),
(5, 'voluptates', 'Rerum aliquid labore optio ut. Animi nam distinctio iure repellat libero. Sapiente doloribus veritatis ex officiis. Omnis unde in deleniti dolor.', 222, 8, 11, '2019-01-05 09:50:39', '2019-01-05 09:50:39'),
(6, 'assumenda', 'Optio voluptas temporibus id molestiae deleniti iusto. Quibusdam unde vel recusandae et ut. Modi quas vero atque error et. Rerum sunt perspiciatis itaque repellendus dolorum ex neque. Aut in modi voluptatem iste autem debitis omnis.', 566, 2, 29, '2019-01-05 09:50:39', '2019-01-05 09:50:39'),
(7, 'repellat', 'Tenetur cumque quas impedit. Et consequatur animi rerum impedit ut reiciendis corrupti aperiam. Id est impedit accusantium quod.', 388, 3, 16, '2019-01-05 09:50:39', '2019-01-05 09:50:39'),
(8, 'est', 'Corrupti voluptatem quos reiciendis voluptatum aut aliquam. Maxime quis rerum omnis est delectus sed quam. Perspiciatis autem consectetur necessitatibus aliquam voluptas et. Asperiores sint qui modi officiis sit.', 615, 6, 24, '2019-01-05 09:50:39', '2019-01-05 09:50:39'),
(9, 'pariatur', 'Asperiores necessitatibus est maxime omnis alias blanditiis eum. Error cupiditate alias sint distinctio ea nisi.', 252, 2, 20, '2019-01-05 09:50:39', '2019-01-05 09:50:39'),
(10, 'saepe', 'Rerum aut exercitationem hic repudiandae a dolor atque quam. Dicta deleniti nesciunt et reprehenderit. Soluta officia quaerat odit aut vel. Omnis ut velit eaque eaque. Voluptatum autem illum rem omnis dolor vitae maxime.', 434, 7, 10, '2019-01-05 09:50:39', '2019-01-05 09:50:39'),
(11, 'quo', 'Placeat et non nihil quia tempore ullam. Iusto nihil fuga tempora dolore. Necessitatibus hic at voluptas in. Ratione veritatis ipsa beatae molestiae laudantium at dolor. Assumenda at rerum cum debitis aliquid.', 494, 0, 17, '2019-01-05 09:50:39', '2019-01-05 09:50:39'),
(12, 'est', 'Qui sed quia eum officiis nostrum officia neque. Natus in aut facilis doloremque laudantium. Perferendis fuga aut qui nostrum aut consequuntur. Tenetur dolorum ut debitis aut. Vero quidem corrupti voluptas deserunt quidem enim.', 769, 4, 23, '2019-01-05 09:50:39', '2019-01-05 09:50:39'),
(13, 'accusantium', 'Et quia eos consectetur iure quia minus asperiores. Delectus dolor amet eligendi officiis accusamus assumenda deleniti. Quae et nesciunt voluptatem alias. Aut quia amet et dolores explicabo.', 418, 4, 25, '2019-01-05 09:50:39', '2019-01-05 09:50:39'),
(14, 'soluta', 'Eum fugit vero sint sit quis. Autem necessitatibus voluptatem doloremque. Consequatur est sed sequi hic.', 882, 4, 17, '2019-01-05 09:50:39', '2019-01-05 09:50:39'),
(15, 'aliquam', 'Ut est aspernatur aut at. Aperiam deleniti sit tempore voluptatem tempore rerum odit. Et cupiditate facere non animi. Delectus autem reiciendis perferendis recusandae ut sed. Occaecati laboriosam sit placeat unde.', 327, 2, 23, '2019-01-05 09:50:39', '2019-01-05 09:50:39'),
(16, 'iste', 'Cumque quia quas ut et enim. Facilis a veniam hic ex voluptatum. Veritatis et quis numquam dolorum iusto. Non aut numquam assumenda amet et.', 808, 3, 2, '2019-01-05 09:50:39', '2019-01-05 09:50:39'),
(17, 'consequuntur', 'Officia itaque voluptas non libero odio. Et repellendus qui delectus et nihil. Voluptas minus eos et doloribus.', 755, 3, 8, '2019-01-05 09:50:39', '2019-01-05 09:50:39'),
(18, 'a', 'Excepturi officia nihil ut praesentium mollitia. In quibusdam dolorem amet asperiores.', 859, 0, 20, '2019-01-05 09:50:39', '2019-01-05 09:50:39'),
(19, 'numquam', 'Distinctio tempora numquam voluptas debitis. Facere sequi inventore magnam repudiandae animi. Et officiis laborum consequatur et doloribus ut non illo.', 768, 0, 4, '2019-01-05 09:50:39', '2019-01-05 09:50:39'),
(20, 'natus', 'Officia quia voluptatem non est at. Est mollitia omnis aperiam nemo tenetur soluta blanditiis. Ad voluptatibus dolores officiis sunt sed quisquam enim corporis. Modi voluptas minima iste eius similique ducimus vel.', 482, 4, 17, '2019-01-05 09:50:39', '2019-01-05 09:50:39'),
(21, 'aut', 'Cupiditate eaque sint cupiditate laudantium aut harum. Qui eos maiores est aut esse.', 566, 4, 19, '2019-01-05 09:50:39', '2019-01-05 09:50:39'),
(22, 'eum', 'Dolores placeat earum veritatis nesciunt. Officia accusantium suscipit esse ratione quibusdam culpa. Aut molestiae velit assumenda ullam voluptates.', 331, 2, 17, '2019-01-05 09:50:39', '2019-01-05 09:50:39'),
(23, 'enim', 'Facere quaerat praesentium maiores quo ut. Sint vel est eos quaerat. Aliquam voluptas et et harum.', 759, 3, 25, '2019-01-05 09:50:39', '2019-01-05 09:50:39'),
(24, 'alias', 'Possimus voluptas quia officiis necessitatibus. Est quo sunt vero vero voluptatum doloribus nobis. Non eaque ea officia rem quis ex.', 553, 7, 12, '2019-01-05 09:50:39', '2019-01-05 09:50:39'),
(25, 'dolorem', 'Deserunt dolorem quae ut doloribus autem eos. Qui soluta sapiente et earum. Provident dolore consequuntur sint maiores atque rerum.', 119, 6, 4, '2019-01-05 09:50:39', '2019-01-05 09:50:39'),
(26, 'repellendus', 'Perspiciatis ut delectus et provident voluptas. Officia perferendis non nostrum eligendi perferendis qui. Quo ipsa est quia sint molestiae. Et eos commodi ducimus fuga repellat.', 671, 7, 21, '2019-01-05 09:50:39', '2019-01-05 09:50:39'),
(27, 'ab', 'Molestias est voluptatem est modi dolores. Consequatur vel rerum cum et neque. Qui velit nihil molestiae et nulla ipsum dicta minus. Ut maxime totam quasi excepturi possimus velit.', 160, 4, 18, '2019-01-05 09:50:39', '2019-01-05 09:50:39'),
(28, 'iste', 'Aut debitis itaque fugit dolorem. Facere exercitationem enim facere quia optio illum. Eveniet vero impedit enim voluptatem neque et.', 499, 7, 27, '2019-01-05 09:50:39', '2019-01-05 09:50:39'),
(29, 'totam', 'Sint consequuntur est iste odit. Quas reprehenderit rerum nisi sed iusto impedit accusamus porro. Enim quis beatae aut. Aut molestiae laborum sequi cum delectus a.', 968, 3, 11, '2019-01-05 09:50:39', '2019-01-05 09:50:39'),
(30, 'dolores', 'Labore dolorem sapiente ipsam voluptatem. Deserunt velit facilis animi ut ducimus. Omnis qui est ut quia. Deleniti in in molestiae omnis rerum.', 549, 5, 4, '2019-01-05 09:50:39', '2019-01-05 09:50:39'),
(31, 'sit', 'Enim ut temporibus iste et id corporis voluptatem et. Accusantium maiores maiores architecto aut error recusandae architecto. Velit ipsum ad quia dolor iure ducimus est. Odio ut id autem earum culpa.', 243, 6, 28, '2019-01-05 09:50:39', '2019-01-05 09:50:39'),
(32, 'ut', 'Quia voluptates qui ullam enim corporis. Mollitia error ad dicta sint. Optio a dignissimos labore sint mollitia.', 437, 3, 26, '2019-01-05 09:50:39', '2019-01-05 09:50:39'),
(33, 'dolor', 'Qui quas ut libero iure eveniet dolores. Ut corrupti optio autem illum. Recusandae ut quisquam tempore et magni harum. Expedita repellat debitis ut placeat placeat.', 743, 3, 17, '2019-01-05 09:50:39', '2019-01-05 09:50:39'),
(34, 'enim', 'Autem itaque vitae illo. Laudantium eius eaque omnis ipsa. Impedit non sint voluptatibus dolores eaque.', 967, 3, 6, '2019-01-05 09:50:39', '2019-01-05 09:50:39'),
(35, 'nemo', 'Quidem dignissimos vel et accusamus voluptas aliquid quia dolorem. Illum voluptas aut consequatur est accusantium quibusdam. Est error quod explicabo ea.', 893, 8, 2, '2019-01-05 09:50:39', '2019-01-05 09:50:39'),
(36, 'et', 'Non laborum fuga sit. Accusamus qui dolorum quos fugiat. Asperiores nam fugit nisi maiores molestiae in ut velit. Quo qui optio et optio sint quisquam sapiente.', 481, 8, 29, '2019-01-05 09:50:39', '2019-01-05 09:50:39'),
(37, 'voluptatem', 'Pariatur soluta velit fugit illo. Qui sed aut natus possimus. Consequatur doloribus enim neque deserunt exercitationem aliquid.', 766, 7, 8, '2019-01-05 09:50:39', '2019-01-05 09:50:39'),
(38, 'sit', 'Sit praesentium modi aut nemo sunt earum dignissimos. Eos iure et quod rerum ut.', 115, 4, 21, '2019-01-05 09:50:39', '2019-01-05 09:50:39'),
(39, 'est', 'Sunt voluptatem qui eligendi pariatur ex. Incidunt reprehenderit nihil at eveniet aut a et voluptatum. Deleniti vitae consequatur qui similique.', 477, 9, 6, '2019-01-05 09:50:39', '2019-01-05 09:50:39'),
(40, 'in', 'Vitae repellendus porro accusantium et ea dignissimos qui. Amet autem quas ut velit saepe accusantium nobis.', 495, 4, 7, '2019-01-05 09:50:39', '2019-01-05 09:50:39'),
(41, 'tempora', 'Tempore praesentium neque beatae repudiandae qui vel voluptatum. Quod amet provident hic perspiciatis occaecati.', 593, 7, 7, '2019-01-05 09:50:39', '2019-01-05 09:50:39'),
(42, 'deserunt', 'Doloremque voluptas eum modi iste eos id dolores. Amet quibusdam inventore natus expedita est. Repellendus voluptatibus voluptas sit quo enim.', 993, 7, 6, '2019-01-05 09:50:39', '2019-01-05 09:50:39'),
(43, 'non', 'Voluptatem possimus sit aut maxime incidunt sint eos. Libero non eum saepe ad. Nam ducimus facilis itaque. Exercitationem optio labore nulla.', 410, 8, 4, '2019-01-05 09:50:39', '2019-01-05 09:50:39'),
(44, 'est', 'Repellat vel aut sunt id sint voluptatem. Odio quasi reprehenderit nobis ad debitis. Rem dolorem necessitatibus aperiam porro natus.', 184, 0, 13, '2019-01-05 09:50:39', '2019-01-05 09:50:39'),
(45, 'sint', 'Tempora aliquid omnis accusamus et aut. Dolores doloribus qui sint atque quo repellendus autem. Sed blanditiis sed velit soluta.', 795, 7, 8, '2019-01-05 09:50:39', '2019-01-05 09:50:39'),
(46, 'saepe', 'Recusandae quo in et provident. Est sed libero aut laudantium quo nam eveniet.', 235, 4, 7, '2019-01-05 09:50:39', '2019-01-05 09:50:39'),
(47, 'velit', 'Iure consequatur velit veritatis est. Et libero deserunt saepe reprehenderit. Voluptas praesentium eius rerum.', 254, 8, 19, '2019-01-05 09:50:39', '2019-01-05 09:50:39'),
(48, 'adipisci', 'Quasi non maxime voluptatem ab et autem dolorem ut. Sequi et et qui repellat accusantium qui. Voluptatibus dolores aut est repellat dolorem eligendi et. Quisquam eum enim reprehenderit aliquid veniam.', 828, 5, 3, '2019-01-05 09:50:39', '2019-01-05 09:50:39'),
(49, 'repellendus', 'Id id ut maiores sequi voluptates. Voluptas delectus cumque omnis adipisci sed. Sed dolorem et dolores pariatur eligendi enim occaecati iusto.', 343, 1, 9, '2019-01-05 09:50:39', '2019-01-05 09:50:39'),
(50, 'quasi', 'Voluptas autem corporis officiis officia. Nisi aliquid non non laboriosam non ducimus corrupti. Suscipit eos ducimus maxime nobis sit voluptatem placeat.', 965, 4, 29, '2019-01-05 09:50:39', '2019-01-05 09:50:39'),
(51, 'ipsum', 'Omnis necessitatibus nisi vero tempora voluptas. Voluptates asperiores qui sapiente consectetur placeat. Qui placeat sit quis dolore. Repudiandae quia laborum ipsa consequatur.', 813, 6, 22, '2019-01-05 09:55:51', '2019-01-05 09:55:51'),
(52, 'recusandae', 'Aliquam facere facere sint repellat qui qui iste minima. Sint est magnam eos laboriosam. Autem iure quia neque recusandae cum beatae veritatis. Optio ut ut eum eveniet.', 323, 5, 13, '2019-01-05 09:55:51', '2019-01-05 09:55:51'),
(53, 'reprehenderit', 'Et ut cupiditate asperiores exercitationem dolor et. Eveniet exercitationem rerum enim unde nisi officia. Debitis dolorem assumenda eaque expedita. Iure veritatis odio nemo et et. Eligendi est cupiditate et.', 339, 5, 4, '2019-01-05 09:55:51', '2019-01-05 09:55:51'),
(54, 'eius', 'Voluptatum natus non earum. Autem sapiente sint enim esse aut. Laborum voluptatem molestiae dolores fuga aut ipsa nihil. Molestias fuga atque voluptate.', 627, 4, 28, '2019-01-05 09:55:51', '2019-01-05 09:55:51'),
(55, 'eius', 'Iure consequatur ut consequatur ipsa modi. Est velit et non aliquam. Sed consectetur recusandae corrupti eligendi. Nihil et officia voluptatem sit sed eaque et.', 422, 8, 9, '2019-01-05 09:55:51', '2019-01-05 09:55:51'),
(56, 'unde', 'Voluptas reiciendis dolores vel illum eum soluta sequi sunt. Culpa quibusdam sequi et nemo excepturi modi. Enim quia optio repudiandae.', 913, 1, 12, '2019-01-05 09:55:51', '2019-01-05 09:55:51'),
(57, 'impedit', 'Error optio quibusdam iste accusamus minima possimus ipsam. Eum nisi nostrum perferendis enim dolor. Error atque rerum est ipsa. Aspernatur sunt nihil temporibus perferendis.', 123, 5, 10, '2019-01-05 09:55:51', '2019-01-05 09:55:51'),
(58, 'numquam', 'Molestiae eius unde culpa eaque et laudantium molestiae aut. Assumenda ut ea pariatur nulla. Dolorem veritatis sint illo et velit consectetur qui.', 771, 4, 28, '2019-01-05 09:55:51', '2019-01-05 09:55:51'),
(59, 'tenetur', 'Aut voluptatem unde consectetur quam asperiores adipisci. Voluptatem ipsam voluptatem sed sint. Deserunt aliquid sit sapiente eligendi quisquam. Veniam autem inventore iusto et.', 778, 2, 11, '2019-01-05 09:55:51', '2019-01-05 09:55:51'),
(60, 'sunt', 'Nesciunt velit omnis esse est. A quis ad voluptatem. Earum sequi et ipsam sunt. Saepe et perferendis ratione. Eum nihil aut vel quisquam.', 709, 8, 2, '2019-01-05 09:55:51', '2019-01-05 09:55:51'),
(61, 'vitae', 'Est amet fugit est dolor mollitia reprehenderit. Distinctio eligendi quo praesentium laudantium qui. Autem est laudantium dolores dolores. Iusto eius assumenda facere dolorum.', 935, 0, 6, '2019-01-05 09:55:51', '2019-01-05 09:55:51'),
(62, 'asperiores', 'Optio molestias quisquam tempora deleniti neque. Architecto blanditiis consequatur repellat omnis maxime quae. Eum sed perspiciatis odio. Magni illo veritatis molestiae praesentium.', 284, 5, 22, '2019-01-05 09:55:51', '2019-01-05 09:55:51'),
(63, 'aut', 'Laborum qui voluptas asperiores fugit nostrum magnam et. Doloribus maxime molestiae voluptate pariatur laboriosam id ut. Qui excepturi perferendis sed accusamus ut perferendis quidem possimus. Eum harum optio est eos. Voluptatum dolorem sapiente fuga dolor est ratione.', 443, 2, 7, '2019-01-05 09:55:51', '2019-01-05 09:55:51'),
(64, 'reiciendis', 'Qui odit consectetur non quas. Voluptas illum omnis tempore. Sed vero rerum non vitae eaque qui repellat ut. Cumque et cum et quae deleniti.', 814, 6, 4, '2019-01-05 09:55:51', '2019-01-05 09:55:51'),
(65, 'ipsum', 'Vel corporis beatae ipsum est earum omnis. Dignissimos maxime rerum ab nostrum cumque. Magnam et itaque nesciunt et hic qui praesentium eum.', 429, 5, 11, '2019-01-05 09:55:51', '2019-01-05 09:55:51'),
(66, 'molestiae', 'Excepturi rerum sit ut sint cumque dolore non. Enim architecto quo distinctio quis voluptatem. Quas non illo maxime et.', 453, 8, 13, '2019-01-05 09:55:51', '2019-01-05 09:55:51'),
(67, 'magnam', 'Commodi cumque veniam in recusandae. Cupiditate est quis quae mollitia aliquam sed qui rerum. Veniam maiores voluptatum sed quos incidunt nam quia iste. Nihil quisquam distinctio et atque doloremque.', 567, 5, 10, '2019-01-05 09:55:51', '2019-01-05 09:55:51'),
(68, 'error', 'Asperiores est magni expedita minus odio. Illum eos voluptatem dolores et quia nostrum laboriosam.', 596, 9, 14, '2019-01-05 09:55:51', '2019-01-05 09:55:51'),
(69, 'voluptatem', 'Omnis et laborum soluta natus. Omnis molestiae consequatur repellendus placeat odit vel.', 692, 6, 30, '2019-01-05 09:55:51', '2019-01-05 09:55:51'),
(70, 'et', 'Dignissimos dolorem minus et unde doloremque consequatur recusandae. Quidem sunt architecto consequatur perspiciatis earum provident neque. Molestiae officia provident sed iure reprehenderit maiores exercitationem dolores.', 619, 4, 26, '2019-01-05 09:55:51', '2019-01-05 09:55:51'),
(71, 'delectus', 'Dolorem dolor quo in excepturi. Corporis ipsam et laboriosam possimus. Dolorem doloribus expedita aut cumque laudantium at ut. Eos consequuntur harum sed enim accusamus iusto.', 628, 6, 18, '2019-01-05 09:55:51', '2019-01-05 09:55:51'),
(72, 'dolorem', 'Voluptas nostrum et non nostrum enim quia. Quae delectus voluptate consequatur quo molestiae consequatur. Maxime ea iste aliquam in temporibus.', 195, 2, 20, '2019-01-05 09:55:51', '2019-01-05 09:55:51'),
(73, 'omnis', 'Corrupti rerum perspiciatis exercitationem explicabo rerum natus eos id. Harum numquam qui ea voluptatem commodi sed qui. Sit quasi tempore quo aliquid. Totam hic exercitationem nihil.', 119, 9, 20, '2019-01-05 09:55:51', '2019-01-05 09:55:51'),
(74, 'esse', 'Sequi qui assumenda praesentium sint sequi unde praesentium. Est enim dolorem repellendus autem. Occaecati id sed aut nulla laudantium qui rerum voluptatem. Maxime et explicabo iusto eos quas minima id ab.', 367, 7, 28, '2019-01-05 09:55:51', '2019-01-05 09:55:51'),
(75, 'explicabo', 'Et non consequatur corporis expedita quod accusamus qui qui. Sint libero ab ab aut quo. Accusamus minus dignissimos quaerat sit possimus vel.', 937, 5, 5, '2019-01-05 09:55:51', '2019-01-05 09:55:51'),
(76, 'ut', 'Hic laborum ut veniam eveniet eos modi hic nemo. Amet officia unde non est et. Quod quia mollitia voluptas harum.', 130, 6, 11, '2019-01-05 09:55:51', '2019-01-05 09:55:51'),
(77, 'labore', 'Nisi amet ad eaque optio fuga natus. Ratione deleniti nostrum eos. Perspiciatis est dolores tempore vel sed nihil perferendis. Rem rerum architecto ab rem.', 260, 0, 11, '2019-01-05 09:55:51', '2019-01-05 09:55:51'),
(78, 'sed', 'Eaque nobis nihil tempora minus libero delectus veritatis. Consequuntur molestiae animi ipsa itaque sit dignissimos optio. Quibusdam pariatur veniam et eos sunt. Qui vero aut iure suscipit.', 819, 7, 2, '2019-01-05 09:55:51', '2019-01-05 09:55:51'),
(79, 'id', 'Cumque voluptatem eveniet quae voluptatem. Minus laboriosam et eos laboriosam. Suscipit ut non rerum temporibus. Eos ut excepturi nihil.', 540, 8, 25, '2019-01-05 09:55:51', '2019-01-05 09:55:51'),
(80, 'quia', 'Tempora et minima ut temporibus rerum quo. Voluptatem quisquam animi possimus qui consectetur. Nihil incidunt atque sint pariatur unde consequatur mollitia.', 546, 2, 7, '2019-01-05 09:55:51', '2019-01-05 09:55:51'),
(81, 'amet', 'Distinctio eligendi id vel fuga at. Ducimus ipsam in qui commodi aut ut. Temporibus fuga alias ad quibusdam sequi provident commodi. Ipsam perferendis sit sequi.', 379, 2, 23, '2019-01-05 09:55:51', '2019-01-05 09:55:51'),
(82, 'consequatur', 'Quaerat aut sit id et. Hic maxime aut voluptates in molestiae consequatur minima sit. Libero vel totam dignissimos et.', 725, 0, 10, '2019-01-05 09:55:51', '2019-01-05 09:55:51'),
(83, 'quia', 'Aliquam quia hic nobis perferendis ut ducimus. Rerum quisquam ea voluptates impedit veritatis. Cupiditate ut in officiis eius molestias magni occaecati. Et nostrum vel qui neque veniam et nostrum.', 735, 3, 14, '2019-01-05 09:55:51', '2019-01-05 09:55:51'),
(84, 'et', 'Nostrum veritatis expedita et distinctio qui vitae voluptas quia. Labore quam nihil ab omnis. Voluptatibus cum eius nesciunt consectetur et.', 403, 4, 5, '2019-01-05 09:55:51', '2019-01-05 09:55:51'),
(85, 'et', 'Velit dolorem ad facilis quia nostrum. Vero reiciendis vel nihil quod aut occaecati pariatur quae. Quis sint soluta laborum aut tenetur ut.', 338, 0, 29, '2019-01-05 09:55:51', '2019-01-05 09:55:51'),
(86, 'quia', 'Fugiat rem eaque exercitationem repudiandae recusandae laudantium qui. Vero eveniet dignissimos a et sit adipisci distinctio.', 559, 9, 18, '2019-01-05 09:55:51', '2019-01-05 09:55:51'),
(87, 'voluptatibus', 'Quibusdam et facilis voluptatibus aut consequatur culpa qui voluptate. Ipsum voluptates necessitatibus debitis illo dolorem. Voluptates commodi ipsa eius. Quasi suscipit qui aliquam vel aut itaque ab odit.', 670, 2, 12, '2019-01-05 09:55:51', '2019-01-05 09:55:51'),
(88, 'quos', 'Asperiores voluptas sed aut cum est alias culpa officiis. Modi tempore cum enim magnam voluptas libero reprehenderit. Natus provident maiores perferendis architecto ab deserunt eligendi laborum. Esse aspernatur totam sunt ullam.', 735, 5, 11, '2019-01-05 09:55:51', '2019-01-05 09:55:51'),
(89, 'velit', 'Dicta quasi aperiam ex tempora nesciunt ullam rerum. Fugit delectus mollitia corrupti molestiae deserunt impedit voluptatum. Sequi rerum mollitia nostrum sunt facilis dolorum quod molestias.', 287, 8, 5, '2019-01-05 09:55:51', '2019-01-05 09:55:51'),
(90, 'et', 'Ex veniam excepturi quia voluptatem. Non facere est dolorum sint.', 607, 0, 18, '2019-01-05 09:55:51', '2019-01-05 09:55:51'),
(91, 'aliquid', 'Quia sapiente ipsum voluptatum inventore. Nihil non cupiditate et id nemo soluta. Sed corporis quis qui iure esse nisi fugiat.', 508, 5, 18, '2019-01-05 09:55:51', '2019-01-05 09:55:51'),
(92, 'autem', 'Voluptatem vitae eius consequatur consequuntur et. Perspiciatis sapiente et impedit est veniam tempore.', 103, 2, 27, '2019-01-05 09:55:51', '2019-01-05 09:55:51'),
(93, 'porro', 'Perspiciatis ut neque facilis ea adipisci. Dolor quisquam a ipsam. Qui ut ut iure earum quis doloribus aut.', 793, 1, 9, '2019-01-05 09:55:51', '2019-01-05 09:55:51'),
(94, 'ut', 'Ea omnis repudiandae et cum voluptatem officia qui. Est debitis consectetur ipsum est magni. Fugiat dicta numquam et repellat autem aut. Eum qui ut exercitationem minus.', 904, 2, 14, '2019-01-05 09:55:51', '2019-01-05 09:55:51'),
(95, 'exercitationem', 'Temporibus et et sapiente esse sint aperiam consequuntur voluptatum. Voluptas et dolor aut vel quibusdam. Quisquam eveniet quam sed saepe accusantium molestias. Occaecati qui suscipit et.', 457, 9, 4, '2019-01-05 09:55:51', '2019-01-05 09:55:51'),
(96, 'suscipit', 'Ipsum quis quibusdam sed dolorum dolores autem cupiditate. Distinctio repellendus enim perferendis vel eum repudiandae. Suscipit facere cum qui et.', 402, 2, 9, '2019-01-05 09:55:51', '2019-01-05 09:55:51'),
(97, 'temporibus', 'Nihil est eum quis. Et ut consectetur dolores est molestiae rerum. Doloribus repellat odit vel ab.', 491, 3, 20, '2019-01-05 09:55:51', '2019-01-05 09:55:51'),
(98, 'est', 'Enim et ratione itaque minima. Ut debitis qui doloremque a incidunt alias dolorum. Natus ut assumenda pariatur molestiae quibusdam.', 176, 3, 18, '2019-01-05 09:55:51', '2019-01-05 09:55:51'),
(99, 'totam', 'Nostrum voluptas ut et repudiandae laboriosam vel. Consectetur quia iste aut et eum. Aperiam beatae similique sed perferendis praesentium facilis aliquam. Ut atque nisi eum enim aut praesentium a.', 347, 4, 28, '2019-01-05 09:55:51', '2019-01-05 09:55:51'),
(100, 'possimus', 'Culpa doloribus voluptatibus nihil quidem vero. Nemo omnis ut et molestiae natus perferendis placeat debitis. Iste delectus labore aspernatur dolores totam et. Qui excepturi illo et et et vero. Voluptatibus consequatur accusamus ea nihil rerum.', 576, 5, 22, '2019-01-05 09:55:51', '2019-01-05 09:55:51'),
(101, 'reiciendis', 'Labore maiores doloremque vitae. Sunt repudiandae ut consequuntur non aspernatur sit quibusdam possimus. Sapiente qui est nisi possimus sint.', 662, 2, 25, '2019-01-05 09:57:39', '2019-01-05 09:57:39'),
(102, 'dolorem', 'Ut debitis et aut nostrum sit. Earum beatae vitae cumque enim ea doloribus.', 927, 8, 24, '2019-01-05 09:57:40', '2019-01-05 09:57:40'),
(103, 'praesentium', 'Saepe officiis voluptatem ut sed. In tempore reiciendis cumque repellendus esse et earum. Vero nesciunt et ut est. Cum et non optio eveniet et voluptatibus.', 540, 5, 20, '2019-01-05 09:57:40', '2019-01-05 09:57:40'),
(104, 'est', 'Alias dolores quod cumque tenetur dolorem. Voluptas accusamus itaque et ut dolor non facere.', 951, 3, 11, '2019-01-05 09:57:40', '2019-01-05 09:57:40'),
(105, 'animi', 'Exercitationem et itaque molestias esse. Voluptate dolore dolorum inventore perferendis aliquam quos ut. Laborum saepe ut sed hic et.', 946, 6, 18, '2019-01-05 09:57:40', '2019-01-05 09:57:40'),
(106, 'tempora', 'Ex officiis dicta sit illum vel eos quis. Vel iusto doloremque quae nihil vel. Et ipsa non ut et a placeat. Est qui culpa error alias fugiat velit.', 886, 4, 8, '2019-01-05 09:57:40', '2019-01-05 09:57:40'),
(107, 'eum', 'Voluptatem optio est quia aut similique. Molestias dolore est possimus harum ad. Soluta autem iste enim delectus consequatur vel sequi qui. Dolores deserunt ut animi a assumenda delectus.', 364, 1, 4, '2019-01-05 09:57:40', '2019-01-05 09:57:40'),
(108, 'sed', 'Sit sint amet et maiores. Numquam doloremque hic adipisci quaerat occaecati. Natus aliquam ut autem. Repellat omnis sit sunt occaecati delectus nam nihil porro.', 949, 1, 13, '2019-01-05 09:57:40', '2019-01-05 09:57:40'),
(109, 'libero', 'Laudantium velit optio non nihil explicabo commodi sunt. Cupiditate libero aut laborum. Architecto voluptatem corrupti dolor similique. Quia dolorum dolores ad repellat aliquid.', 175, 9, 30, '2019-01-05 09:57:40', '2019-01-05 09:57:40'),
(110, 'sunt', 'Ullam quis debitis laborum. Autem voluptatibus asperiores eius fugiat. Eos laborum aut in dolore fugiat.', 928, 6, 3, '2019-01-05 09:57:40', '2019-01-05 09:57:40'),
(111, 'labore', 'Ipsum molestiae sapiente adipisci facere qui. Dolor dignissimos et at neque consectetur omnis tenetur. Itaque ipsa quasi reprehenderit aut. Earum impedit rem est quis ut voluptatem rerum. Dicta quia tenetur dolorem dignissimos odio voluptate.', 504, 2, 4, '2019-01-05 09:57:40', '2019-01-05 09:57:40'),
(112, 'vel', 'Soluta quia perferendis sed eum blanditiis possimus. Voluptates consequuntur delectus quis. Et dolorum consectetur quod natus veniam.', 854, 2, 16, '2019-01-05 09:57:40', '2019-01-05 09:57:40'),
(113, 'dolorum', 'Quo suscipit atque fugit et adipisci dolorem. Magnam placeat et qui porro quibusdam vero beatae. Asperiores ut rerum aperiam dolor voluptate explicabo in officiis.', 397, 1, 2, '2019-01-05 09:57:40', '2019-01-05 09:57:40'),
(114, 'ea', 'Sunt eos odit earum a. Eaque quo ea natus minus aut. Illo qui veritatis minus et non ea ex.', 940, 7, 14, '2019-01-05 09:57:40', '2019-01-05 09:57:40'),
(115, 'autem', 'Architecto voluptatem voluptatibus doloremque consequatur. Nostrum velit debitis optio ut alias aut modi. Autem voluptatem dolorum voluptatem.', 708, 6, 20, '2019-01-05 09:57:40', '2019-01-05 09:57:40'),
(116, 'quia', 'Sed sint maiores quod est est. Quisquam quam doloremque nostrum. Voluptas quasi et amet corporis. Facilis quis minima non id est. Qui et expedita optio nihil a.', 326, 5, 15, '2019-01-05 09:57:40', '2019-01-05 09:57:40'),
(117, 'non', 'Modi perspiciatis illum consectetur ex. Dolorum voluptatem maiores et corrupti. Dicta corrupti nemo deleniti dolore doloribus sit consequatur.', 437, 6, 6, '2019-01-05 09:57:40', '2019-01-05 09:57:40'),
(118, 'quis', 'Quis aperiam soluta vel molestiae mollitia. Aut et vitae est enim officia officiis et. Doloremque et quo qui.', 499, 9, 19, '2019-01-05 09:57:40', '2019-01-05 09:57:40'),
(119, 'culpa', 'Ut eligendi impedit esse corporis. Natus minus deserunt qui est quaerat similique ad. Aut illo officiis in est ut fuga.', 600, 1, 2, '2019-01-05 09:57:40', '2019-01-05 09:57:40'),
(120, 'incidunt', 'Dolor reiciendis et ea mollitia quia et. Quod ut ut facilis inventore modi explicabo perspiciatis. Architecto aperiam alias adipisci modi non voluptas facere. Hic aut numquam asperiores qui sed dicta.', 926, 7, 10, '2019-01-05 09:57:40', '2019-01-05 09:57:40'),
(121, 'cupiditate', 'Fugit accusamus quia sunt adipisci qui. Quaerat eum quia expedita minima non quidem. At dolor est similique eos error et provident. Veniam cumque nesciunt consequatur sed.', 299, 7, 28, '2019-01-05 09:57:40', '2019-01-05 09:57:40'),
(122, 'ratione', 'Impedit enim aspernatur impedit totam qui illum consequuntur amet. Voluptatem voluptates molestias fugiat iusto unde. Sint nesciunt aut deserunt impedit similique. Libero dolorem doloribus modi.', 661, 6, 21, '2019-01-05 09:57:40', '2019-01-05 09:57:40'),
(123, 'non', 'Vel aut et doloribus atque perspiciatis veniam recusandae. Architecto nam quia animi ea. Velit harum asperiores illo modi pariatur.', 244, 7, 2, '2019-01-05 09:57:40', '2019-01-05 09:57:40'),
(124, 'hic', 'Atque sapiente quia est quia et officiis dolor. Tempora aut est qui quisquam. Sed quia dolor dolore sed est dolorem. Aperiam eos tenetur ratione pariatur. Quaerat sit incidunt iure aliquam rerum et.', 733, 7, 8, '2019-01-05 09:57:40', '2019-01-05 09:57:40'),
(125, 'tempora', 'Quis quae et voluptas officia. Voluptates aperiam officia at id quod praesentium.', 222, 3, 6, '2019-01-05 09:57:40', '2019-01-05 09:57:40'),
(126, 'velit', 'Earum quibusdam expedita provident illo qui et placeat qui. Voluptatem tenetur soluta doloremque quidem eum reiciendis provident. Dolor quia harum asperiores.', 477, 0, 3, '2019-01-05 09:57:40', '2019-01-05 09:57:40'),
(127, 'voluptatem', 'Accusantium optio ut qui est officia quae. Qui molestiae facere excepturi vero officiis et.', 384, 5, 4, '2019-01-05 09:57:40', '2019-01-05 09:57:40'),
(128, 'non', 'Officia nemo placeat sit dolores doloribus velit eum. Et eum illo ut ex quia eveniet nemo. Quisquam autem ex qui ut ut. Nostrum dolores porro suscipit vitae dolorum corrupti labore.', 621, 4, 18, '2019-01-05 09:57:40', '2019-01-05 09:57:40'),
(129, 'vel', 'Fugiat deleniti sunt omnis veniam quod. Repellendus harum omnis et quis iure et rerum.', 582, 1, 25, '2019-01-05 09:57:40', '2019-01-05 09:57:40'),
(130, 'rerum', 'Quis eaque aut adipisci illo culpa. Quas temporibus sapiente unde id.', 767, 9, 27, '2019-01-05 09:57:40', '2019-01-05 09:57:40'),
(131, 'dolore', 'Ducimus autem facilis enim repudiandae quia hic. Expedita eos dolores quas eum. Perspiciatis id consequuntur molestiae perferendis. Aliquam officia ratione possimus.', 123, 5, 19, '2019-01-05 09:57:40', '2019-01-05 09:57:40'),
(132, 'consequuntur', 'Ut aliquid voluptates ipsum voluptas quibusdam. Beatae enim amet assumenda sunt. Possimus atque itaque velit explicabo voluptatibus.', 591, 5, 9, '2019-01-05 09:57:40', '2019-01-05 09:57:40'),
(133, 'incidunt', 'Sed cumque veritatis corrupti velit nobis qui. Omnis consequatur illum dolores voluptate consequuntur tenetur. Doloremque et voluptates qui atque consequuntur.', 315, 8, 7, '2019-01-05 09:57:40', '2019-01-05 09:57:40'),
(134, 'voluptatem', 'Molestiae quaerat facilis ipsa. Sed dolor asperiores ratione maxime. Reiciendis similique voluptate quidem soluta iusto sunt incidunt atque. Pariatur occaecati est ut id.', 766, 5, 7, '2019-01-05 09:57:40', '2019-01-05 09:57:40'),
(135, 'est', 'Labore possimus est eum repellendus. Numquam temporibus soluta soluta cumque provident aut corporis nihil. Officia reprehenderit eum aliquid dicta sint voluptatem.', 557, 7, 26, '2019-01-05 09:57:40', '2019-01-05 09:57:40'),
(136, 'autem', 'Et iste labore omnis error. Qui et et sequi iste et minus nostrum et. Ipsa tempore sit aut velit rerum qui. Sit dolorem repudiandae voluptatibus illum ut exercitationem quae voluptatem.', 217, 2, 25, '2019-01-05 09:57:40', '2019-01-05 09:57:40'),
(137, 'non', 'Et dolorum et deleniti optio amet. Est corporis quia dolorem in dolores doloribus sapiente voluptatum. Ut saepe et quas aliquid eius. Aut aut beatae nihil doloremque vitae. Eum ipsa officia quibusdam enim natus ipsa.', 545, 0, 12, '2019-01-05 09:57:40', '2019-01-05 09:57:40'),
(138, 'qui', 'Sit est sit voluptas autem recusandae autem error. Nisi ipsam velit necessitatibus at aut magni et. Et illo aut esse aut. Perspiciatis quaerat rerum nam est blanditiis fugit.', 825, 6, 20, '2019-01-05 09:57:40', '2019-01-05 09:57:40'),
(139, 'sunt', 'Aut voluptas aut enim facilis nihil. Iste iste odit voluptates voluptate eaque. Architecto tempore sequi quod sit possimus iure at. Eius eos ut in asperiores sunt.', 507, 1, 11, '2019-01-05 09:57:40', '2019-01-05 09:57:40'),
(140, 'consequatur', 'Voluptas molestiae quod repudiandae autem. Amet ad non id. Fugit quasi adipisci et odit occaecati. Voluptatem fuga ut dignissimos reprehenderit.', 461, 3, 24, '2019-01-05 09:57:40', '2019-01-05 09:57:40'),
(141, 'temporibus', 'Explicabo temporibus nam et doloremque. Eaque et perferendis ut soluta voluptate cum accusantium. Et maiores rerum sed vero dolores vitae.', 677, 6, 8, '2019-01-05 09:57:40', '2019-01-05 09:57:40'),
(142, 'voluptas', 'Quia earum quis sit autem. Animi veniam animi labore. Praesentium dignissimos rerum perspiciatis qui corrupti facilis labore.', 419, 0, 6, '2019-01-05 09:57:40', '2019-01-05 09:57:40'),
(143, 'ipsam', 'Laudantium ea eius quod cumque velit in. Alias iure voluptatum numquam et tempora assumenda.', 968, 9, 22, '2019-01-05 09:57:40', '2019-01-05 09:57:40'),
(144, 'harum', 'Vitae dolorem porro autem dicta perferendis eligendi. Velit dolore blanditiis error enim non atque iure et. Ullam explicabo sunt non sit.', 677, 5, 23, '2019-01-05 09:57:40', '2019-01-05 09:57:40'),
(145, 'nobis', 'Recusandae et adipisci eum dolores ducimus vel aut. Aut illum sed similique id quibusdam reprehenderit eos temporibus.', 198, 3, 16, '2019-01-05 09:57:40', '2019-01-05 09:57:40'),
(146, 'sunt', 'Et doloribus laborum sit tempora ex aspernatur dicta aut. Rerum vel ut praesentium. Nemo eaque odit nesciunt et et aliquid quos reiciendis. Vel saepe accusamus quis et ut labore.', 388, 6, 18, '2019-01-05 09:57:40', '2019-01-05 09:57:40'),
(147, 'at', 'Nisi repellat eum tempore mollitia. Dolore praesentium assumenda suscipit fuga sunt nobis ea. Quia enim et assumenda aut corporis ex quia magni.', 195, 7, 7, '2019-01-05 09:57:40', '2019-01-05 09:57:40'),
(148, 'eum', 'Ea sunt non et rem fugit quos eos. Laboriosam et nam et minus consectetur. Harum accusamus deleniti ut et tempore consequatur sit.', 608, 0, 12, '2019-01-05 09:57:40', '2019-01-05 09:57:40'),
(149, 'sequi', 'Et nam adipisci consequatur sint magni alias eligendi. Esse et cupiditate eveniet inventore excepturi magnam. Cum veritatis blanditiis molestias reprehenderit.', 525, 1, 3, '2019-01-05 09:57:40', '2019-01-05 09:57:40'),
(150, 'dolor', 'Enim fuga eos commodi consectetur debitis. Fugiat ad recusandae voluptatem delectus in ratione ducimus ipsa. Pariatur velit officia laborum eligendi eos quia nulla. Animi aperiam modi qui quia sapiente.', 803, 1, 28, '2019-01-05 09:57:40', '2019-01-05 09:57:40'),
(151, 'ullam', 'Reprehenderit repudiandae aut quod quia possimus. Libero labore veritatis doloremque excepturi deserunt. Alias sed aperiam sed. Aut accusamus sapiente harum molestiae rem sed illo.', 557, 8, 20, '2019-01-05 10:04:53', '2019-01-05 10:04:53'),
(152, 'maiores', 'Minima nesciunt eos veniam eligendi labore. Voluptatem voluptatem voluptates rerum repellat. Iusto harum aut ut consequuntur blanditiis necessitatibus et.', 583, 3, 19, '2019-01-05 10:04:53', '2019-01-05 10:04:53'),
(153, 'voluptatem', 'Adipisci voluptatem tempora in veniam nostrum. Ab vero dolor impedit quod alias quasi.', 714, 2, 5, '2019-01-05 10:04:53', '2019-01-05 10:04:53'),
(154, 'voluptatum', 'Voluptates quia et ipsum sint explicabo. Placeat natus in porro minima officiis. Et totam incidunt molestias dolor tenetur officia.', 779, 9, 6, '2019-01-05 10:04:53', '2019-01-05 10:04:53'),
(155, 'aut', 'Laborum fugiat deserunt velit molestias et nisi eaque. Nostrum sit quasi tempora error est. Molestiae nam reprehenderit fugiat quis. Non sit dolore et voluptatibus.', 281, 8, 2, '2019-01-05 10:04:53', '2019-01-05 10:04:53'),
(156, 'facere', 'Optio amet et molestiae ut non. Sed sit aut temporibus itaque ut. Neque sit eum minima ratione aut illo est. Qui facere ipsa qui corrupti.', 645, 3, 19, '2019-01-05 10:04:53', '2019-01-05 10:04:53'),
(157, 'unde', 'Tempore sed quia delectus. Accusantium dolorum labore neque laborum et mollitia. Occaecati soluta inventore nobis est maiores itaque laborum saepe. Quia eos tempora alias culpa odio.', 684, 7, 19, '2019-01-05 10:04:53', '2019-01-05 10:04:53'),
(158, 'vitae', 'Aliquid laborum qui dolores autem distinctio. Magnam dolor similique voluptatibus laboriosam molestiae adipisci reiciendis deserunt. Occaecati laboriosam est corporis dolor et eos sed. Eum soluta ducimus placeat molestiae blanditiis non nulla.', 901, 8, 19, '2019-01-05 10:04:53', '2019-01-05 10:04:53'),
(159, 'omnis', 'Deserunt esse sit et veniam odit. Sint est doloribus consequuntur. Sint debitis esse id similique sed. Fugiat recusandae vitae eum dolor aut ut.', 927, 1, 13, '2019-01-05 10:04:53', '2019-01-05 10:04:53'),
(160, 'nobis', 'Consequatur perspiciatis et laborum alias. Velit dolor totam et voluptas. Ratione quae enim laborum vel. Aperiam dignissimos tenetur excepturi ratione animi facere odit.', 948, 6, 6, '2019-01-05 10:04:53', '2019-01-05 10:04:53'),
(161, 'quia', 'Quia qui aperiam commodi quia. Sapiente porro aut repellendus animi. Natus qui nesciunt omnis omnis ipsa omnis rerum qui. Praesentium esse est magnam sit blanditiis. Quasi reiciendis et qui.', 335, 7, 7, '2019-01-05 10:04:53', '2019-01-05 10:04:53'),
(162, 'dolor', 'Nobis temporibus modi aut quaerat aut aliquid autem. Est nemo suscipit hic rerum repudiandae dolorem recusandae. Non porro rerum natus rerum et nesciunt quia.', 985, 5, 4, '2019-01-05 10:04:53', '2019-01-05 10:04:53'),
(163, 'maiores', 'Aut necessitatibus inventore saepe est. Odio voluptatum eligendi exercitationem distinctio ea. Velit esse et molestias. Reiciendis ut recusandae eaque amet est adipisci consequatur necessitatibus.', 357, 4, 9, '2019-01-05 10:04:53', '2019-01-05 10:04:53'),
(164, 'cumque', 'Autem ut veritatis earum voluptatem at qui. Et optio ea sed tempore a et sequi. Est qui rerum ab odit ut.', 131, 0, 27, '2019-01-05 10:04:53', '2019-01-05 10:04:53'),
(165, 'asperiores', 'Quo sed ducimus optio aliquam molestiae fugiat quibusdam dolores. Et temporibus cumque fugit aut. Facilis magnam et mollitia sunt id. Non et et sit odio ad libero est.', 918, 9, 11, '2019-01-05 10:04:53', '2019-01-05 10:04:53'),
(166, 'est', 'Sunt aperiam eum sed in dolorum debitis voluptatum. Voluptas ut et sit enim at sunt suscipit voluptatem.', 860, 5, 19, '2019-01-05 10:04:53', '2019-01-05 10:04:53'),
(167, 'cumque', 'Quod ea officia excepturi eius. Similique delectus labore consequatur veritatis voluptatum et non aut. Dolorem et ea hic enim atque omnis. In qui quibusdam aperiam alias quo.', 423, 4, 14, '2019-01-05 10:04:53', '2019-01-05 10:04:53'),
(168, 'accusantium', 'Qui laboriosam exercitationem eos suscipit consectetur omnis provident. Qui facilis eligendi sint iure tempora sed sequi. Eaque at dolorem odit. Non cumque ad repudiandae nesciunt. Vel sed voluptatum voluptas et fugit illum magni.', 354, 0, 15, '2019-01-05 10:04:53', '2019-01-05 10:04:53'),
(169, 'dolore', 'Libero dolores sequi occaecati in eaque. Et in odio dolores occaecati molestiae ipsa beatae. Sunt maiores voluptatum dolores cumque sunt eius. Quasi eius accusantium sed aut corporis voluptas fuga.', 176, 7, 6, '2019-01-05 10:04:53', '2019-01-05 10:04:53'),
(170, 'et', 'Dolores debitis qui quae esse. Quam veritatis qui earum vel quibusdam aut.', 224, 6, 21, '2019-01-05 10:04:53', '2019-01-05 10:04:53'),
(171, 'et', 'Error rerum atque rerum sit. Molestiae temporibus quia voluptatibus voluptas accusantium earum.', 318, 0, 18, '2019-01-05 10:04:53', '2019-01-05 10:04:53'),
(172, 'eos', 'Atque dolorem voluptatem sunt quibusdam. Sit ab soluta repellat necessitatibus. Sed deserunt quia odit ut pariatur. Tempora facere in qui quibusdam. Voluptatem veniam ab et quaerat voluptatum aut eius.', 450, 7, 13, '2019-01-05 10:04:53', '2019-01-05 10:04:53'),
(173, 'est', 'Labore molestiae quisquam molestiae. Illum quam molestiae itaque nesciunt numquam aut dolores. Et quo repellendus sed cupiditate. Quia odio earum praesentium ea aliquam sint dolor.', 483, 5, 7, '2019-01-05 10:04:53', '2019-01-05 10:04:53'),
(174, 'et', 'Iure aut praesentium nemo distinctio omnis iusto. Dolor ad placeat eius consequuntur et unde quaerat. Dicta et eius sint. Ut quo eveniet beatae aliquid est.', 295, 0, 22, '2019-01-05 10:04:53', '2019-01-05 10:04:53'),
(175, 'quisquam', 'Maiores nulla voluptates maxime id dolorem laborum. Atque consequatur quia at. In deleniti id in suscipit.', 854, 3, 26, '2019-01-05 10:04:53', '2019-01-05 10:04:53'),
(176, 'et', 'Corporis id rerum commodi possimus. Fuga pariatur in expedita rerum cumque. Velit fugiat temporibus est aperiam.', 933, 0, 20, '2019-01-05 10:04:53', '2019-01-05 10:04:53'),
(177, 'optio', 'Tenetur iure aut sequi. Aut nihil doloremque aliquam consequatur ipsa qui expedita aperiam. Pariatur autem similique quibusdam omnis ut.', 232, 4, 20, '2019-01-05 10:04:53', '2019-01-05 10:04:53'),
(178, 'dolor', 'Temporibus quas quidem unde animi dolor qui. Tenetur qui ut numquam accusantium. A id quas dolore eius velit dolor.', 405, 1, 14, '2019-01-05 10:04:53', '2019-01-05 10:04:53'),
(179, 'et', 'Sit temporibus temporibus voluptate voluptatum voluptas in consequatur. Hic officiis quo vitae. Natus ut ea sint cupiditate voluptas sit ut hic.', 796, 1, 11, '2019-01-05 10:04:53', '2019-01-05 10:04:53'),
(180, 'ut', 'Dolorem repellendus et sed voluptas laborum quia ut enim. Iure at ea reprehenderit in. Et sed omnis itaque nesciunt accusamus non inventore quae.', 500, 9, 19, '2019-01-05 10:04:53', '2019-01-05 10:04:53'),
(181, 'ducimus', 'Voluptatem voluptas quod amet rem qui est voluptatibus. Facere ducimus optio quis delectus voluptas est et. Et accusantium hic eveniet non. Qui enim nihil corporis est ea.', 785, 1, 9, '2019-01-05 10:04:53', '2019-01-05 10:04:53'),
(182, 'cupiditate', 'Quod labore numquam est ut dolorem adipisci voluptatem. Velit aliquid doloremque dicta voluptatem quia amet perferendis. Totam accusantium quod qui omnis et nesciunt excepturi. Sed aut consequatur non fugiat et reiciendis qui. Ex quia fuga at atque dolore minus.', 114, 5, 29, '2019-01-05 10:04:53', '2019-01-05 10:04:53'),
(183, 'officiis', 'Fugiat cumque libero vel officia ut accusantium. Voluptates eius minima dolores praesentium architecto placeat. Quod rem modi harum et. Sunt aspernatur eveniet et a distinctio debitis aliquam. Rem dolor minus qui veritatis incidunt optio dolorem.', 265, 8, 5, '2019-01-05 10:04:53', '2019-01-05 10:04:53'),
(184, 'beatae', 'Ex eaque magnam quaerat a. Dolorem commodi consequatur id distinctio minima qui sit hic. Quia quibusdam blanditiis ut assumenda et perspiciatis libero.', 354, 9, 12, '2019-01-05 10:04:53', '2019-01-05 10:04:53'),
(185, 'omnis', 'Deserunt ab fuga ullam neque. Sed reprehenderit alias voluptates iste vero pariatur provident. Nobis et necessitatibus nulla quaerat nisi suscipit dignissimos illo. Quidem ea velit itaque nesciunt.', 528, 6, 15, '2019-01-05 10:04:53', '2019-01-05 10:04:53'),
(186, 'voluptatem', 'Id quia quia eos neque doloribus et. Quidem maxime sunt eligendi enim aliquid aut suscipit.', 808, 7, 28, '2019-01-05 10:04:53', '2019-01-05 10:04:53'),
(187, 'quia', 'Quia quis et veritatis autem rem. Sed deleniti omnis voluptatem laborum nostrum.', 242, 4, 23, '2019-01-05 10:04:53', '2019-01-05 10:04:53'),
(188, 'vel', 'Voluptas quae quos nam cupiditate. Nisi odio vel magni inventore. Nam labore ad architecto voluptatem cumque unde.', 507, 5, 9, '2019-01-05 10:04:53', '2019-01-05 10:04:53'),
(189, 'repellendus', 'Accusamus autem quae placeat quos. Adipisci qui blanditiis sit earum. Qui molestias doloremque sunt omnis.', 406, 8, 8, '2019-01-05 10:04:53', '2019-01-05 10:04:53'),
(190, 'numquam', 'Adipisci excepturi culpa nulla eum. Est et natus in quia. Voluptas amet quo laboriosam magni illum.', 519, 5, 17, '2019-01-05 10:04:53', '2019-01-05 10:04:53'),
(191, 'ut', 'Neque voluptatem excepturi consequuntur natus quia tempore animi. Quidem et et voluptas perspiciatis inventore illum praesentium. Voluptate ut porro beatae ut repellat voluptatem et.', 886, 7, 12, '2019-01-05 10:04:53', '2019-01-05 10:04:53'),
(192, 'voluptate', 'Voluptates perferendis consequatur quidem cupiditate excepturi. Qui assumenda possimus ea ratione. Dolor ut velit vitae qui et enim eum. At sint cum saepe.', 349, 2, 8, '2019-01-05 10:04:53', '2019-01-05 10:04:53'),
(193, 'cupiditate', 'Quia sed debitis rerum voluptatem id nihil dolor. Dolorem eaque ea aspernatur placeat odit autem pariatur. Error tempore ducimus voluptatem nihil molestiae.', 852, 9, 21, '2019-01-05 10:04:53', '2019-01-05 10:04:53'),
(194, 'praesentium', 'Sed qui ratione cupiditate dolore vitae. Error atque quis dolorum dolores expedita soluta sed. Nihil tempore accusantium velit asperiores. Perferendis accusamus error fugit eaque sequi aliquid.', 355, 8, 9, '2019-01-05 10:04:53', '2019-01-05 10:04:53'),
(195, 'qui', 'Iste velit ea sint. Laboriosam eos nisi dolorem sint in. Exercitationem totam quae et ipsam voluptatem.', 637, 0, 11, '2019-01-05 10:04:53', '2019-01-05 10:04:53'),
(196, 'maiores', 'Quae provident est unde cupiditate quisquam. Totam fuga cumque exercitationem amet quia corporis nemo nihil. Quos numquam quo at earum et.', 935, 6, 15, '2019-01-05 10:04:53', '2019-01-05 10:04:53'),
(197, 'nam', 'In rerum inventore aperiam excepturi. At quas adipisci delectus quo accusamus ex expedita et.', 139, 8, 25, '2019-01-05 10:04:53', '2019-01-05 10:04:53'),
(198, 'dolorum', 'Ea eos sint voluptatem ut eaque. Dolor laborum voluptatem ducimus atque. Quia aut omnis eum et. Aut fugiat magni qui ut ea repellat voluptates. Minima dolores veritatis veniam provident magni fugit.', 485, 6, 13, '2019-01-05 10:04:53', '2019-01-05 10:04:53'),
(199, 'quod', 'Iure nobis sed laboriosam distinctio est. Laborum occaecati animi voluptas itaque. Aut et ut nemo quisquam neque maxime ut similique. Ad eum laudantium qui eligendi et ea soluta vitae.', 882, 8, 9, '2019-01-05 10:04:53', '2019-01-05 10:04:53'),
(200, 'voluptatem', 'Ea odio dignissimos laborum. Veritatis sapiente id soluta eveniet aut excepturi. Fugit sit et voluptatum possimus est velit dicta.', 523, 0, 3, '2019-01-05 10:04:53', '2019-01-05 10:04:53'),
(201, 'voluptate', 'In aut numquam sed labore. Omnis voluptatem ea quas est quia repellendus odio. Vel ea pariatur deleniti totam impedit ex unde. Non adipisci non eos ipsa voluptatibus aliquam a.', 984, 8, 5, '2019-01-05 10:05:37', '2019-01-05 10:05:37'),
(202, 'omnis', 'Modi aut impedit facilis temporibus. Qui ipsum veniam aut repellendus numquam tempora. Eaque ipsa odio aut eligendi. Laborum eaque maiores amet tempore cupiditate.', 728, 5, 9, '2019-01-05 10:05:37', '2019-01-05 10:05:37'),
(203, 'facere', 'Voluptas quo numquam iste ut aspernatur dignissimos. Quaerat quae maxime sunt laboriosam corrupti sed sint. Earum commodi porro quisquam vitae vel ipsum.', 602, 5, 6, '2019-01-05 10:05:37', '2019-01-05 10:05:37'),
(204, 'amet', 'Quis sed facere quibusdam laborum ut consequatur. Qui eius illo et atque quasi molestiae similique. Omnis rem rerum in. Officiis harum optio ab unde dolores non.', 815, 2, 20, '2019-01-05 10:05:37', '2019-01-05 10:05:37'),
(205, 'soluta', 'Similique modi cumque commodi amet dolores aperiam. Aut autem deleniti et id perspiciatis in. Repudiandae ut et delectus. Asperiores eos accusamus id dolorem omnis voluptatem.', 837, 7, 19, '2019-01-05 10:05:37', '2019-01-05 10:05:37'),
(206, 'voluptate', 'Delectus officiis ab sed sunt ut culpa repellat. Eaque ullam sunt est voluptatem necessitatibus est. Numquam pariatur et quisquam molestias voluptatem at.', 784, 2, 13, '2019-01-05 10:05:37', '2019-01-05 10:05:37'),
(207, 'in', 'Distinctio ea voluptatem modi asperiores eos minima. Aut dolores inventore fuga ut maxime illo. Saepe eos laborum sunt molestiae possimus soluta.', 328, 0, 20, '2019-01-05 10:05:37', '2019-01-05 10:05:37'),
(208, 'mollitia', 'Nostrum rem quis ut dignissimos porro ab odit. Deserunt quam non provident quasi voluptatem sint. Tempore qui culpa vero assumenda officiis velit placeat.', 431, 0, 6, '2019-01-05 10:05:37', '2019-01-05 10:05:37'),
(209, 'autem', 'Maiores id aliquid deserunt quia itaque. Vel alias odio id autem minima mollitia. Rerum adipisci earum vel unde enim ut beatae et. Sed dolor sequi omnis eligendi quam dolores.', 617, 3, 20, '2019-01-05 10:05:37', '2019-01-05 10:05:37'),
(210, 'quod', 'Quisquam quibusdam enim a nesciunt eligendi. Quia maxime dolor libero ab ullam. Nisi quas nihil laudantium deleniti a nesciunt.', 792, 6, 27, '2019-01-05 10:05:37', '2019-01-05 10:05:37'),
(211, 'deleniti', 'Veritatis et necessitatibus cum earum. Nihil impedit hic vero ea. Unde ut sed aliquid quos delectus reprehenderit rerum.', 944, 4, 21, '2019-01-05 10:05:37', '2019-01-05 10:05:37'),
(212, 'non', 'Numquam blanditiis totam deleniti aliquam sit iure quam suscipit. Molestiae quia aut beatae dolor. Ut non reprehenderit at laudantium.', 399, 1, 10, '2019-01-05 10:05:37', '2019-01-05 10:05:37'),
(213, 'voluptatibus', 'Vel eligendi possimus tempora. Ut cum suscipit repudiandae sunt inventore cupiditate iusto. Consequatur recusandae ut tenetur perspiciatis. Nemo similique quia quae et dolores repellendus.', 487, 5, 17, '2019-01-05 10:05:37', '2019-01-05 10:05:37'),
(214, 'doloribus', 'Deserunt modi cum consectetur dolor illo laudantium. Delectus corporis accusantium repudiandae nam.', 413, 1, 15, '2019-01-05 10:05:37', '2019-01-05 10:05:37'),
(215, 'harum', 'Harum sequi illo natus a. Iure quaerat praesentium doloremque expedita doloribus et. Dignissimos sapiente eaque qui deleniti rerum aut et.', 594, 3, 25, '2019-01-05 10:05:37', '2019-01-05 10:05:37'),
(216, 'et', 'Aut temporibus sunt aut iste. Minus delectus voluptatum cupiditate non ducimus non. Natus reiciendis est ipsa rerum sed.', 674, 4, 23, '2019-01-05 10:05:37', '2019-01-05 10:05:37'),
(217, 'aut', 'Ipsum eveniet quia aut sint a ea. Aperiam voluptatem nihil qui aut et vero qui. Qui accusamus nostrum quos natus.', 958, 0, 2, '2019-01-05 10:05:37', '2019-01-05 10:05:37'),
(218, 'doloremque', 'Ad quis in maxime adipisci sit incidunt. Aut modi voluptate soluta esse quae quam veritatis officiis. Excepturi rerum aut consequatur in hic consectetur reprehenderit. Corrupti aut unde veritatis aut.', 748, 3, 8, '2019-01-05 10:05:37', '2019-01-05 10:05:37'),
(219, 'molestiae', 'Soluta tenetur omnis magnam eius aspernatur. Dignissimos et sit laudantium temporibus nulla aut recusandae. Rem libero nam voluptatem culpa quis eum fuga.', 337, 8, 5, '2019-01-05 10:05:37', '2019-01-05 10:05:37');
INSERT INTO `products` (`id`, `name`, `detail`, `price`, `stock`, `discount`, `created_at`, `updated_at`) VALUES
(220, 'eius', 'Labore commodi necessitatibus quibusdam quaerat sunt. Nam dignissimos mollitia eius est. Sit aut officiis impedit. Veniam in voluptatibus iste aut.', 725, 1, 6, '2019-01-05 10:05:37', '2019-01-05 10:05:37'),
(221, 'vel', 'At unde velit minus dolore. In accusantium occaecati eaque ad atque asperiores. Aut dolore tenetur voluptatem magni.', 194, 6, 22, '2019-01-05 10:05:37', '2019-01-05 10:05:37'),
(222, 'dolores', 'Laborum rem magni voluptatem debitis occaecati voluptate. Distinctio rerum maiores eius quia ut. Corrupti officiis ut cupiditate similique officia.', 153, 7, 19, '2019-01-05 10:05:37', '2019-01-05 10:05:37'),
(223, 'ut', 'Et ipsa quidem quidem fuga. Soluta culpa aut quisquam nesciunt. Voluptatem autem ut et ut. Similique non ab non aut placeat.', 215, 5, 15, '2019-01-05 10:05:37', '2019-01-05 10:05:37'),
(224, 'at', 'Recusandae recusandae hic minima magnam voluptatem voluptatem. Iure est laborum qui placeat accusamus molestiae optio. Ut iste blanditiis voluptate qui autem. Commodi doloribus asperiores non omnis veniam voluptatem.', 641, 4, 6, '2019-01-05 10:05:37', '2019-01-05 10:05:37'),
(225, 'facilis', 'Consectetur eligendi rerum sit quidem earum fuga. Velit maxime quibusdam omnis in. Sed sed eos dicta molestiae non vero.', 692, 9, 21, '2019-01-05 10:05:37', '2019-01-05 10:05:37'),
(226, 'non', 'Sit dolore temporibus dolore in. Quia commodi assumenda ea sed repellendus laborum. Et provident tempora sequi omnis natus dignissimos. Rem dolores voluptatibus amet.', 689, 5, 11, '2019-01-05 10:05:37', '2019-01-05 10:05:37'),
(227, 'non', 'Atque aut voluptatibus et magnam autem voluptatem consequatur in. Labore minus aut quia ut ipsa quibusdam. Fugit reprehenderit impedit perferendis.', 296, 4, 7, '2019-01-05 10:05:37', '2019-01-05 10:05:37'),
(228, 'necessitatibus', 'Qui commodi voluptatem reprehenderit est et consectetur odio. Vero inventore ullam voluptatem distinctio vel deserunt sequi. Voluptatem laboriosam non quae ad iusto voluptas. Sunt quidem rerum qui aperiam corrupti provident animi iste.', 688, 7, 25, '2019-01-05 10:05:37', '2019-01-05 10:05:37'),
(229, 'qui', 'Provident deserunt quasi mollitia quia corrupti voluptas ullam. Itaque facilis eum eos autem nulla temporibus eum. Nam accusamus numquam illo quam ut modi.', 108, 6, 20, '2019-01-05 10:05:37', '2019-01-05 10:05:37'),
(230, 'maiores', 'Sint officia praesentium tenetur praesentium quaerat consequuntur. Numquam magnam amet asperiores sunt minima cum. Veniam consequuntur facilis voluptatem non et omnis accusamus vero.', 606, 8, 17, '2019-01-05 10:05:37', '2019-01-05 10:05:37'),
(231, 'reprehenderit', 'Nihil deleniti aliquam inventore porro qui tempore eligendi. Non id et fugiat voluptates cumque officia. Commodi exercitationem quidem quos. Nulla voluptatibus ex eius. Vel ut laborum necessitatibus perferendis voluptatem provident id.', 139, 0, 7, '2019-01-05 10:05:37', '2019-01-05 10:05:37'),
(232, 'et', 'Qui sequi provident quia perspiciatis sit earum rem. Velit exercitationem et aut qui doloremque vel explicabo. Velit dolorem pariatur veniam cupiditate voluptatum et in.', 124, 5, 24, '2019-01-05 10:05:37', '2019-01-05 10:05:37'),
(233, 'nisi', 'Id sed in nobis earum similique vel odit. Omnis officiis in tempore tempore amet dolore voluptas fuga. Aut et aut autem eligendi. Non non nihil neque at eum.', 115, 9, 4, '2019-01-05 10:05:37', '2019-01-05 10:05:37'),
(234, 'omnis', 'Alias ea omnis sequi ut non. Nesciunt fugiat ullam debitis aut harum et sed. Inventore veritatis nemo reprehenderit pariatur iste nostrum quasi.', 695, 2, 7, '2019-01-05 10:05:37', '2019-01-05 10:05:37'),
(235, 'et', 'Culpa accusantium pariatur illo quisquam. Sapiente sit quis sed maiores voluptate. Fugiat itaque quis sint ab.', 745, 5, 30, '2019-01-05 10:05:37', '2019-01-05 10:05:37'),
(236, 'sunt', 'Vel omnis quia labore delectus esse. Non similique id quia repudiandae rem autem sint.', 426, 8, 8, '2019-01-05 10:05:37', '2019-01-05 10:05:37'),
(237, 'ut', 'Non nemo veniam voluptatem libero. Doloribus praesentium hic quis inventore. Omnis et et quos deleniti eligendi iure.', 406, 9, 2, '2019-01-05 10:05:37', '2019-01-05 10:05:37'),
(238, 'nihil', 'Omnis repellendus aut in atque quos. Consequatur consequatur aut aut similique a praesentium aut. Suscipit ut asperiores ea quod quibusdam iusto aspernatur. Praesentium vel perspiciatis quis rerum repellat.', 708, 6, 29, '2019-01-05 10:05:37', '2019-01-05 10:05:37'),
(239, 'eveniet', 'Et dolor eveniet optio harum. Et praesentium laborum maiores saepe distinctio. In doloremque corrupti cupiditate iste pariatur ea veniam.', 471, 1, 25, '2019-01-05 10:05:37', '2019-01-05 10:05:37'),
(240, 'architecto', 'Soluta et perferendis quaerat qui omnis quae. Iusto dolore fuga ut et explicabo voluptas. Consequatur ut voluptas non ipsum. Mollitia deserunt rerum molestiae culpa doloribus.', 546, 9, 13, '2019-01-05 10:05:37', '2019-01-05 10:05:37'),
(241, 'et', 'Tempore omnis sit vel. Alias pariatur accusantium fugiat nobis et aut ipsa animi. Unde dolor expedita laboriosam vel quis ut natus. Odit est explicabo nisi tempora.', 101, 4, 19, '2019-01-05 10:05:37', '2019-01-05 10:05:37'),
(242, 'incidunt', 'Architecto voluptatem voluptate et reiciendis. Et aut exercitationem eum. Et aut eum quo et laboriosam repudiandae non.', 466, 7, 10, '2019-01-05 10:05:37', '2019-01-05 10:05:37'),
(243, 'doloremque', 'Repudiandae officiis provident earum dignissimos commodi exercitationem. Perspiciatis eum nesciunt autem quo hic. Explicabo dolorem dolor maiores laudantium unde quia vel.', 467, 1, 27, '2019-01-05 10:05:37', '2019-01-05 10:05:37'),
(244, 'et', 'Dolorum officiis quo voluptates et. Placeat aut accusamus iure iusto. In vel at eos perferendis ex aut dolorem quas. Nihil possimus beatae totam in ea voluptatem quae.', 895, 8, 24, '2019-01-05 10:05:37', '2019-01-05 10:05:37'),
(245, 'atque', 'Dicta nihil laborum perferendis quia. Debitis nihil recusandae consequatur et. Dignissimos at velit reiciendis repellat nisi.', 705, 3, 15, '2019-01-05 10:05:37', '2019-01-05 10:05:37'),
(246, 'facere', 'Nemo vel at rerum illum. Nihil ut nostrum consequatur debitis accusamus provident sequi. Iste eum et eum amet accusamus.', 726, 0, 24, '2019-01-05 10:05:37', '2019-01-05 10:05:37'),
(247, 'quis', 'Rerum dolorem commodi sed dolorem et. Explicabo illum iusto animi velit.', 799, 3, 19, '2019-01-05 10:05:37', '2019-01-05 10:05:37'),
(248, 'rerum', 'Enim animi ducimus amet dolores illum ut quia. Ut et rem dolor quae maxime. Corporis sapiente amet nihil veniam. Molestiae in assumenda itaque recusandae ratione.', 113, 1, 24, '2019-01-05 10:05:37', '2019-01-05 10:05:37'),
(249, 'eum', 'Maiores ut veritatis voluptatibus. Eligendi vitae esse maxime hic corporis. Deleniti quo ipsum et in excepturi quia libero quia.', 725, 9, 16, '2019-01-05 10:05:37', '2019-01-05 10:05:37'),
(250, 'eos', 'Voluptatibus sunt natus enim magnam asperiores. Animi rerum voluptatum est odio aliquam. Quibusdam tenetur dolorum soluta consequuntur ad aperiam consequatur.', 183, 3, 29, '2019-01-05 10:05:37', '2019-01-05 10:05:37');

-- --------------------------------------------------------

--
-- Table structure for table `reviews`
--

DROP TABLE IF EXISTS `reviews`;
CREATE TABLE IF NOT EXISTS `reviews` (
  `id` int(10) UNSIGNED NOT NULL AUTO_INCREMENT,
  `product_id` int(10) UNSIGNED NOT NULL,
  `customer` varchar(191) COLLATE utf8mb4_unicode_ci NOT NULL,
  `review` text COLLATE utf8mb4_unicode_ci NOT NULL,
  `star` int(11) NOT NULL,
  `created_at` timestamp NULL DEFAULT NULL,
  `updated_at` timestamp NULL DEFAULT NULL,
  PRIMARY KEY (`id`),
  KEY `reviews_product_id_index` (`product_id`)
) ENGINE=MyISAM AUTO_INCREMENT=301 DEFAULT CHARSET=utf8mb4 COLLATE=utf8mb4_unicode_ci;

--
-- Dumping data for table `reviews`
--

INSERT INTO `reviews` (`id`, `product_id`, `customer`, `review`, `star`, `created_at`, `updated_at`) VALUES
(1, 16, 'Golden Hermiston', 'Ex ducimus corporis vel tempore occaecati velit assumenda. Molestias facilis est vel alias. Non nobis ullam libero assumenda enim voluptatibus doloribus.', 4, '2019-01-05 10:05:38', '2019-01-05 10:05:38'),
(2, 83, 'Shanie Stracke', 'Iste sequi iusto quasi voluptatem tenetur perspiciatis culpa. Fugiat quidem et aliquam nostrum. Ab explicabo qui iure aperiam. Beatae pariatur eum tempore ad sed.', 1, '2019-01-05 10:05:38', '2019-01-05 10:05:38'),
(3, 66, 'Noe Emard', 'Distinctio voluptas et rerum sed. Vitae magni hic nobis non iure. Dignissimos voluptatem molestias in aut vel nulla ea. Delectus debitis repellendus et impedit aut ut non.', 3, '2019-01-05 10:05:38', '2019-01-05 10:05:38'),
(4, 58, 'Patricia Bernier', 'Perspiciatis maxime error ut ab possimus harum. Earum ipsum totam quod autem at laudantium. Voluptatem sit et aut enim illo qui non. Doloribus est rem ea quia molestiae libero.', 4, '2019-01-05 10:05:38', '2019-01-05 10:05:38'),
(5, 214, 'Hanna Ondricka Sr.', 'Iure voluptatibus natus perspiciatis nihil voluptas odio. Tempora quis fugit error dolorum accusantium ea reprehenderit iusto. Ratione fugiat velit autem adipisci. Autem non sequi fugiat ab sit quia.', 5, '2019-01-05 10:05:38', '2019-01-05 10:05:38'),
(6, 172, 'Mrs. Phoebe Kub Jr.', 'Laborum et magnam maxime nisi sunt consequuntur saepe libero. Nesciunt perspiciatis placeat nisi quos ipsum ullam sint. Consequatur quia praesentium voluptatibus ad nesciunt qui omnis.', 1, '2019-01-05 10:05:38', '2019-01-05 10:05:38'),
(7, 88, 'Mr. Pablo Parisian', 'Nam ut ipsum alias placeat et accusamus. Magnam omnis fugit voluptas. Non est quo reprehenderit ut voluptas.', 5, '2019-01-05 10:05:38', '2019-01-05 10:05:38'),
(8, 140, 'Luis Hintz', 'Ut et quos nam aperiam. Sit autem reprehenderit enim laboriosam eum molestiae. Perferendis quae quas fugiat ea.', 4, '2019-01-05 10:05:38', '2019-01-05 10:05:38'),
(9, 190, 'Dr. Loren Leannon', 'Adipisci impedit ut distinctio et minima rerum. Inventore tempore quia inventore odit aliquam nemo. Est labore sit non dolor magnam voluptatem aliquam.', 5, '2019-01-05 10:05:38', '2019-01-05 10:05:38'),
(10, 55, 'Mose Fritsch Jr.', 'Vel consequatur ab quam omnis nesciunt necessitatibus porro quia. Illo reiciendis itaque et omnis est in.', 3, '2019-01-05 10:05:38', '2019-01-05 10:05:38'),
(11, 97, 'Walter Hansen', 'Ea officiis distinctio perspiciatis quibusdam. Iusto quasi autem perferendis sed eligendi. Soluta illum quisquam rerum et.', 2, '2019-01-05 10:05:38', '2019-01-05 10:05:38'),
(12, 174, 'Kiara West', 'Reiciendis suscipit officia cupiditate corrupti. Quia occaecati sed nihil iusto eum fugit voluptatem eum. Corrupti commodi accusamus et dolores minima corrupti delectus. Praesentium similique sed omnis placeat quibusdam fugit temporibus.', 0, '2019-01-05 10:05:38', '2019-01-05 10:05:38'),
(13, 223, 'Ms. Danielle Robel PhD', 'Officiis sunt sed ipsum. Mollitia est et sunt tempore officiis ipsam aspernatur. Nobis qui illo aut optio quisquam numquam.', 0, '2019-01-05 10:05:38', '2019-01-05 10:05:38'),
(14, 47, 'Mr. Edmond Frami', 'Quis et explicabo asperiores atque odio sit ad. Ex sunt nulla autem dignissimos eos. Nihil sint sequi quibusdam temporibus sunt aut quae. Commodi dignissimos ipsum beatae.', 0, '2019-01-05 10:05:38', '2019-01-05 10:05:38'),
(15, 141, 'Prof. Omari Rippin', 'Et est vitae autem ut at. Vel eum sit rem eveniet. Nemo voluptatem sit natus quis rerum repellendus voluptatem.', 4, '2019-01-05 10:05:38', '2019-01-05 10:05:38'),
(16, 158, 'Delfina Crooks', 'Rerum sequi dolorem magnam molestiae. Tempore ad aperiam quo accusamus maiores ut eos. Excepturi animi qui autem aut. Perferendis quia quam eaque voluptatibus.', 3, '2019-01-05 10:05:38', '2019-01-05 10:05:38'),
(17, 20, 'Gretchen Toy', 'Quia et esse sint eius aut. Quisquam recusandae odit deleniti quos iste tenetur quam. Et corrupti aliquid nam saepe expedita qui. Iste dolorem quaerat quia.', 2, '2019-01-05 10:05:38', '2019-01-05 10:05:38'),
(18, 149, 'Reese Schiller', 'Et qui aliquid sed iusto. Quis modi quo dolorem quam architecto doloribus. Enim distinctio quibusdam consequatur magnam velit. Atque explicabo nulla autem molestiae ut recusandae quo.', 0, '2019-01-05 10:05:38', '2019-01-05 10:05:38'),
(19, 111, 'Abner Kunze', 'Repudiandae aliquam consequatur explicabo similique sint illo. Itaque odio vitae ipsum aut hic porro et.', 1, '2019-01-05 10:05:38', '2019-01-05 10:05:38'),
(20, 98, 'Dr. Gilbert Fadel', 'Illum vel et aperiam voluptatum sunt sunt magni. Maiores velit voluptas ipsum debitis atque. Ut nihil adipisci quam officia laborum.', 0, '2019-01-05 10:05:38', '2019-01-05 10:05:38'),
(21, 51, 'Ms. Karina Waters', 'Quis consequatur voluptas esse aliquam. Incidunt consequuntur quos veniam dolor. Dolorum velit possimus maiores quos eveniet. Delectus facere quidem iste.', 5, '2019-01-05 10:05:38', '2019-01-05 10:05:38'),
(22, 176, 'Dr. Ryann O\'Reilly III', 'Voluptatem et non commodi nulla. Voluptate ut eligendi quia sint dolorem quaerat voluptatem.', 5, '2019-01-05 10:05:38', '2019-01-05 10:05:38'),
(23, 130, 'Ms. Bessie Kozey II', 'Ratione officiis architecto voluptate repellendus similique ducimus impedit. Consectetur ut consequatur quis. Eos quod ab nulla dolorum.', 5, '2019-01-05 10:05:38', '2019-01-05 10:05:38'),
(24, 59, 'Prof. Joel Abbott Jr.', 'Ipsam eos illo pariatur optio. Corporis aspernatur perspiciatis fuga pariatur et adipisci. Est ut nobis nobis quidem velit. Vel voluptatem enim rerum et consectetur id.', 5, '2019-01-05 10:05:38', '2019-01-05 10:05:38'),
(25, 167, 'Dr. Owen Will', 'Qui quam quasi deleniti ducimus. Ut et et temporibus possimus quia optio odit. Rerum voluptas eum sit sit.', 2, '2019-01-05 10:05:38', '2019-01-05 10:05:38'),
(26, 77, 'Dr. Marcellus Hilpert', 'Tenetur laboriosam animi quis delectus labore facilis labore necessitatibus. Repudiandae ipsum voluptas saepe et exercitationem. Sed quo necessitatibus consequatur nostrum quasi. Nobis et rerum qui et velit soluta.', 0, '2019-01-05 10:05:38', '2019-01-05 10:05:38'),
(27, 40, 'Aurelie Kutch', 'Dolores aut iste hic et tempora qui et repellat. Aliquid dicta ut inventore aut ea. Mollitia et dolores non est expedita ut. Accusantium reiciendis tempore dolorum.', 0, '2019-01-05 10:05:38', '2019-01-05 10:05:38'),
(28, 91, 'Kailey Ondricka', 'Modi voluptates totam ea asperiores doloremque aut velit quia. Nemo amet architecto occaecati rerum. Qui aut quia aperiam amet. Sint quos et est et et vel autem.', 5, '2019-01-05 10:05:38', '2019-01-05 10:05:38'),
(29, 102, 'Ramiro Ruecker', 'Voluptate sapiente consequatur tempore tempore voluptatem ipsam ut ipsam. Dolor incidunt qui qui omnis tempora dolor quod. Quaerat eum voluptatem id assumenda. Saepe labore porro consequuntur et.', 0, '2019-01-05 10:05:38', '2019-01-05 10:05:38'),
(30, 33, 'Prof. Otis Rolfson DDS', 'Sunt quia officiis nam consequatur necessitatibus nam earum. Fugiat et voluptas et maxime labore expedita. Aut quod dignissimos non. Perferendis odio dignissimos tempore aliquid qui neque.', 1, '2019-01-05 10:05:38', '2019-01-05 10:05:38'),
(31, 176, 'Nichole Waters', 'Unde natus exercitationem quibusdam totam quae animi possimus. Error sequi quaerat ipsum repellendus sed fugiat totam. Expedita voluptatem quasi voluptates dignissimos.', 1, '2019-01-05 10:05:38', '2019-01-05 10:05:38'),
(32, 230, 'Camille Crooks', 'Ad necessitatibus neque aut et sunt cumque. Aut molestiae eaque voluptatibus debitis. Adipisci totam repellat rerum voluptatum libero sunt. Soluta asperiores eos architecto sint rerum eaque.', 0, '2019-01-05 10:05:38', '2019-01-05 10:05:38'),
(33, 182, 'Mario Daniel', 'Fuga repellat quam non soluta et. Explicabo officia omnis enim. Laborum assumenda tempora aperiam harum fugit asperiores cupiditate qui.', 1, '2019-01-05 10:05:38', '2019-01-05 10:05:38'),
(34, 145, 'Selina Carter', 'Et dolore excepturi maiores maiores est incidunt aperiam. Quibusdam earum nam laborum similique vero nulla. Qui ipsum ullam modi nemo suscipit possimus facilis.', 3, '2019-01-05 10:05:38', '2019-01-05 10:05:38'),
(35, 84, 'Alexis Thompson', 'Laudantium laboriosam accusamus sed voluptas voluptatem. Ut deleniti consectetur vero dolor quia consequatur neque. Natus neque quo ex reiciendis facere dolorem.', 2, '2019-01-05 10:05:38', '2019-01-05 10:05:38'),
(36, 146, 'Lafayette Johnston', 'Ex est in est eos amet voluptatem architecto. Eveniet unde adipisci fugit qui. Ut quia tenetur eaque esse temporibus voluptates. Iste aut eos sequi adipisci aut sed aspernatur quos.', 4, '2019-01-05 10:05:38', '2019-01-05 10:05:38'),
(37, 47, 'Prof. Cade Funk PhD', 'Sunt quis aut voluptatibus similique. Ut repellat aliquam occaecati eos ea et. Eos est nisi dolor in eaque.', 3, '2019-01-05 10:05:38', '2019-01-05 10:05:38'),
(38, 127, 'Rhoda Pfeffer', 'Fugit voluptas et deleniti omnis explicabo exercitationem omnis mollitia. Deserunt et nulla aut et omnis ab totam. Sed veritatis fuga consequatur illo.', 2, '2019-01-05 10:05:38', '2019-01-05 10:05:38'),
(39, 55, 'Carolyne Medhurst', 'Ea ipsum veritatis et fugit reiciendis. Pariatur sit ut aliquid magnam enim laboriosam. Consequatur et est rerum possimus expedita ut impedit aspernatur.', 5, '2019-01-05 10:05:38', '2019-01-05 10:05:38'),
(40, 76, 'Garett Aufderhar Sr.', 'Non sunt nulla quidem architecto harum neque. Quia sint rerum error. Enim sapiente nobis repellat accusamus. Non est dolores eos iure minus.', 2, '2019-01-05 10:05:38', '2019-01-05 10:05:38'),
(41, 228, 'Prof. Kathryne Friesen Jr.', 'Quos maxime dolores et tenetur sed non dolor sapiente. Et incidunt sint enim omnis deserunt quas ad. Id officiis maiores sed pariatur quidem molestiae quia soluta. Aspernatur expedita laudantium neque et eius maiores.', 1, '2019-01-05 10:05:38', '2019-01-05 10:05:38'),
(42, 125, 'Viva Gorczany', 'Repellendus odio culpa maiores harum omnis. Ea quia ut quam at et repellat magnam. Nam voluptatem deleniti enim atque illo similique sequi. Voluptas ut ad quos voluptas ut occaecati.', 1, '2019-01-05 10:05:38', '2019-01-05 10:05:38'),
(43, 78, 'Miss Hellen Ledner', 'Dolor enim distinctio autem. Eos omnis expedita dolores quae qui a id. Sed rem nemo natus nemo ea nemo quis aut.', 1, '2019-01-05 10:05:38', '2019-01-05 10:05:38'),
(44, 203, 'Ms. America Kilback', 'Repellat est minima est tempora et asperiores. Commodi quia numquam est magni rerum enim. Facilis vero ullam accusamus et.', 2, '2019-01-05 10:05:38', '2019-01-05 10:05:38'),
(45, 155, 'Dr. Brandyn Dare', 'Repudiandae nulla iure blanditiis deleniti magni et. Ad aut quis earum voluptatibus. Quia et at iure odit consectetur a ut. Dicta assumenda vero unde ut non.', 2, '2019-01-05 10:05:38', '2019-01-05 10:05:38'),
(46, 29, 'Dorothea Collier', 'Omnis voluptas soluta autem et sed praesentium corrupti nesciunt. Tempora voluptate fugiat aliquid delectus omnis necessitatibus quaerat. At optio et dolorem tempora vel a.', 4, '2019-01-05 10:05:38', '2019-01-05 10:05:38'),
(47, 238, 'Jessyca Williamson MD', 'Nulla inventore ratione aliquid quidem fugiat error sint. Natus est rerum quos aut.', 5, '2019-01-05 10:05:38', '2019-01-05 10:05:38'),
(48, 245, 'Dr. Myrtice Ratke', 'Enim aut ut aperiam consequatur quidem sit nobis. Nostrum numquam sed iusto maxime qui illum. Exercitationem minima qui vero.', 3, '2019-01-05 10:05:38', '2019-01-05 10:05:38'),
(49, 147, 'Virginie Metz', 'Aliquam voluptas suscipit reprehenderit aut id minus. Eum ut deleniti sint ut ea. Earum eum autem explicabo magni. Natus ut quibusdam iste ex.', 0, '2019-01-05 10:05:38', '2019-01-05 10:05:38'),
(50, 197, 'Alek Jones', 'Perspiciatis tempore omnis ad sit quia. Non labore accusantium sit ipsa perspiciatis voluptates. Mollitia doloremque quasi explicabo harum et ducimus assumenda.', 2, '2019-01-05 10:05:38', '2019-01-05 10:05:38'),
(51, 92, 'Prof. Katheryn Kunze', 'Ea accusantium qui voluptas aliquam. Vel et ipsam et aut. Minima repellat necessitatibus molestias fuga aliquid. Inventore id veritatis assumenda velit natus. Cupiditate at qui aperiam est qui earum.', 3, '2019-01-05 10:05:38', '2019-01-05 10:05:38'),
(52, 240, 'Dave Hickle', 'Ut vero sit omnis. Molestiae atque et laboriosam neque ea et sit. Quam fugit optio tempore commodi.', 5, '2019-01-05 10:05:38', '2019-01-05 10:05:38'),
(53, 3, 'Miss Antonietta Runolfsson Sr.', 'Quia inventore eius ipsam nihil. Eligendi consequuntur iste enim sit quia ut. Quaerat praesentium et mollitia. Id nulla architecto occaecati qui explicabo provident enim laudantium.', 3, '2019-01-05 10:05:38', '2019-01-05 10:05:38'),
(54, 64, 'Karine Stanton', 'Qui facere totam eligendi eaque. Quia et dolores dolor cupiditate fugit. Molestias eligendi minus nam commodi rerum. Ipsam quo dolor mollitia.', 4, '2019-01-05 10:05:38', '2019-01-05 10:05:38'),
(55, 151, 'Sonny Reichel', 'Quisquam veritatis autem perferendis reprehenderit. Aut vitae quia totam enim sit quis distinctio. Eum ipsa et quae sint.', 1, '2019-01-05 10:05:38', '2019-01-05 10:05:38'),
(56, 223, 'Nico Balistreri', 'Hic est ut sit est vel. Distinctio et ea alias quisquam. Et necessitatibus pariatur ipsum ullam eum. Quos dolor maiores sit repudiandae magnam sit. Quis eaque consectetur laudantium qui ducimus id.', 0, '2019-01-05 10:05:38', '2019-01-05 10:05:38'),
(57, 120, 'Pablo Lockman', 'Est quod exercitationem rerum et assumenda aut placeat. Temporibus minus enim illum est cupiditate. Ut optio et est consequatur sed nesciunt non.', 1, '2019-01-05 10:05:38', '2019-01-05 10:05:38'),
(58, 199, 'Jewell Strosin', 'Non iusto ducimus inventore velit. Unde provident reiciendis harum similique quod. Recusandae perferendis ea dolorem voluptatem similique natus temporibus et. Molestiae sed neque molestiae similique consequatur officiis.', 5, '2019-01-05 10:05:38', '2019-01-05 10:05:38'),
(59, 72, 'Terrance Dickinson', 'Aperiam reprehenderit itaque velit nihil sit nesciunt quisquam porro. Eum totam rem sit eos et. Sint et eius sed nulla.', 1, '2019-01-05 10:05:38', '2019-01-05 10:05:38'),
(60, 210, 'Giovani Beahan', 'Quis est velit voluptatibus aliquam dolor. Numquam magni consequatur quas excepturi sint id. Impedit ad non aliquid eos tempora.', 0, '2019-01-05 10:05:38', '2019-01-05 10:05:38'),
(61, 14, 'Joelle Turcotte', 'Hic minima voluptatum sit omnis fugiat. Est eligendi optio ea sed voluptatem occaecati. Et voluptas impedit quia quae ipsam. Non dolor animi qui earum fugit nesciunt ab repellat.', 4, '2019-01-05 10:05:38', '2019-01-05 10:05:38'),
(62, 84, 'Katrina Langosh', 'Odit autem sunt maxime. Harum est explicabo nihil id sit. Fugit est amet dolores amet est accusamus sed.', 2, '2019-01-05 10:05:38', '2019-01-05 10:05:38'),
(63, 27, 'Domingo Dach', 'Ipsa occaecati aperiam voluptatem consequatur magnam rem minus. Ut exercitationem consectetur consequuntur consequatur fugit. Totam perspiciatis a voluptatum fugit id. Quia sequi praesentium non molestiae ullam perferendis.', 0, '2019-01-05 10:05:38', '2019-01-05 10:05:38'),
(64, 211, 'London Tremblay Jr.', 'Perspiciatis autem non facilis ratione voluptas. Optio non aut asperiores odio culpa quaerat voluptatem. Eligendi exercitationem adipisci eaque vel voluptatum consectetur reiciendis. Cum eum explicabo fugiat quae possimus omnis cumque dicta.', 0, '2019-01-05 10:05:38', '2019-01-05 10:05:38'),
(65, 235, 'Mr. Larry Smith', 'Quos sunt quia ea architecto quia magni autem. Repellendus et aut quia eum inventore rerum in. Quisquam possimus iusto soluta minus dignissimos quia.', 1, '2019-01-05 10:05:38', '2019-01-05 10:05:38'),
(66, 12, 'Bud Mertz', 'Iure exercitationem itaque nesciunt id. Ut consequatur aperiam consectetur aut doloremque. Nam beatae nulla qui ab iusto. Saepe eveniet sit ipsum dolorum omnis necessitatibus.', 0, '2019-01-05 10:05:38', '2019-01-05 10:05:38'),
(67, 101, 'Rozella Parker II', 'Ea dignissimos laboriosam non quo. Id ipsam itaque molestiae consectetur autem. Beatae qui non labore et adipisci ut doloremque. Repellendus aut qui quaerat ut.', 0, '2019-01-05 10:05:38', '2019-01-05 10:05:38'),
(68, 79, 'Dr. Domenic Thompson DVM', 'Velit fugit quibusdam veniam numquam in vel autem. Dicta explicabo vel quam. Ullam et quidem id recusandae vel libero id. Voluptatem explicabo repellendus reprehenderit temporibus dolor ut sequi.', 5, '2019-01-05 10:05:38', '2019-01-05 10:05:38'),
(69, 52, 'Clark Schimmel', 'Adipisci nesciunt ut praesentium repellendus sit exercitationem sint nobis. Nulla culpa qui sunt accusamus aut quis inventore. Iste excepturi nihil repellendus.', 4, '2019-01-05 10:05:38', '2019-01-05 10:05:38'),
(70, 152, 'Prof. Sister Ritchie II', 'Consequatur explicabo assumenda laborum repudiandae quia non. Accusamus deleniti rerum veritatis beatae eos dolorum voluptas minima. Hic sunt placeat ipsa maxime eos quasi. Animi minima provident omnis consequatur rem.', 4, '2019-01-05 10:05:38', '2019-01-05 10:05:38'),
(71, 71, 'Gladys Hill', 'Rerum facere officiis perspiciatis a corporis. Aut voluptas ex quas qui. Ullam aspernatur magni iusto libero non. Id similique ducimus et quos inventore qui totam est.', 2, '2019-01-05 10:05:38', '2019-01-05 10:05:38'),
(72, 9, 'Prof. Syble Gaylord', 'Aliquid enim quisquam vel nam dolorem. Beatae vel eum voluptate molestiae vitae inventore possimus eum. Unde at eos voluptate repellat non. Maxime libero reiciendis consequatur ea.', 5, '2019-01-05 10:05:38', '2019-01-05 10:05:38'),
(73, 190, 'Lawson Rau', 'Iste sapiente quia atque rerum soluta sint in. Culpa omnis voluptate rerum excepturi autem. Exercitationem inventore nulla repellendus cumque facere nulla vitae veritatis. In quia iste delectus.', 5, '2019-01-05 10:05:38', '2019-01-05 10:05:38'),
(74, 241, 'Daija Reichel', 'Culpa quae optio molestiae molestiae est molestias explicabo. Excepturi expedita ratione laboriosam officiis ea aut omnis. Sunt atque eligendi qui sit. Et magnam non rerum repudiandae quod.', 2, '2019-01-05 10:05:38', '2019-01-05 10:05:38'),
(75, 161, 'Miss Eldora Witting Sr.', 'Voluptas qui voluptas molestiae nulla iste. Doloremque dolores velit omnis voluptatem id vel ullam. Ad dolorem possimus voluptatum et dolorem libero vitae. Iure sunt ipsam assumenda excepturi illo ipsum.', 1, '2019-01-05 10:05:38', '2019-01-05 10:05:38'),
(76, 30, 'Xavier Walsh', 'Qui consequatur sed quae. Omnis quisquam deserunt omnis nihil at aut dignissimos ut. Eligendi beatae exercitationem facere impedit. Modi beatae architecto illum nihil est soluta et.', 3, '2019-01-05 10:05:38', '2019-01-05 10:05:38'),
(77, 250, 'Ethel Schneider III', 'Nobis sequi id aspernatur consequuntur nulla. Ea commodi in eveniet. Quia doloribus suscipit quaerat ut dolor. Soluta nulla tenetur sapiente itaque dignissimos voluptatem.', 3, '2019-01-05 10:05:38', '2019-01-05 10:05:38'),
(78, 183, 'Ivy Morissette', 'Numquam fuga doloremque minus enim. Voluptatibus dolorem et repellendus consequatur recusandae. Ducimus veritatis quod dolor quis quam ex. Sit sit nihil eum ut.', 3, '2019-01-05 10:05:38', '2019-01-05 10:05:38'),
(79, 196, 'Emely Goyette', 'Modi tempora voluptatem at sit pariatur vitae vel. Est sint ex velit id non eligendi explicabo. Quo qui incidunt et praesentium aut aperiam.', 1, '2019-01-05 10:05:38', '2019-01-05 10:05:38'),
(80, 197, 'Ryleigh Walsh', 'Sed nihil ut ratione nulla dolorem vel temporibus. Et consequatur id illum eos. Labore et illum quidem quisquam voluptatem enim quis perferendis. Dolorem tenetur quo omnis sint perferendis minus itaque qui.', 1, '2019-01-05 10:05:38', '2019-01-05 10:05:38'),
(81, 166, 'Dedrick Reichel', 'Dolor incidunt odio quam facere sed eius accusamus. Soluta ratione tenetur aut facere sint veritatis. Expedita commodi voluptatem voluptatem occaecati. Vero ex totam incidunt quia officiis et.', 0, '2019-01-05 10:05:38', '2019-01-05 10:05:38'),
(82, 69, 'Dr. Gwendolyn Bogisich IV', 'Tempora quia minima sint laborum. Est non voluptate quae nostrum nihil quia quasi explicabo. Voluptatem porro et commodi et odio fugiat hic nam.', 2, '2019-01-05 10:05:38', '2019-01-05 10:05:38'),
(83, 230, 'Lilyan Connelly', 'Et corporis ut rem ducimus autem. Facere ad voluptatem amet at aperiam aliquam quasi.', 2, '2019-01-05 10:05:38', '2019-01-05 10:05:38'),
(84, 62, 'Cielo Osinski', 'Autem ut cum et quidem et aspernatur. Asperiores laudantium nemo autem est. Dolorem aliquid error ullam earum quis.', 4, '2019-01-05 10:05:38', '2019-01-05 10:05:38'),
(85, 202, 'Mathilde Weimann V', 'Ipsam ea placeat repellendus eveniet. Assumenda exercitationem et et quia eos omnis. Incidunt placeat dolorum eum quas omnis reiciendis. Tenetur id ea amet cum quia.', 0, '2019-01-05 10:05:38', '2019-01-05 10:05:38'),
(86, 130, 'Adrienne Kulas', 'Est est vitae vero labore temporibus exercitationem error. Quod molestiae id numquam reiciendis. Qui consequatur deleniti vel voluptatem animi at distinctio. Dolor aliquam et doloremque laboriosam dolorum.', 5, '2019-01-05 10:05:38', '2019-01-05 10:05:38'),
(87, 8, 'Francisca Wisoky', 'Eum et sit et architecto optio. Autem sint nesciunt assumenda aut tempora numquam. Sint veniam quo omnis nobis aperiam pariatur.', 3, '2019-01-05 10:05:38', '2019-01-05 10:05:38'),
(88, 129, 'Greta Reinger', 'Non explicabo labore et nesciunt neque et praesentium. Aliquid non nam ab aut. Omnis et omnis ipsa ipsam porro est tenetur. Numquam eaque rerum beatae reprehenderit optio consequuntur quia.', 0, '2019-01-05 10:05:38', '2019-01-05 10:05:38'),
(89, 241, 'Tatum Sipes III', 'Corrupti non nihil tenetur placeat. Porro officiis hic qui. Iure quisquam labore dolores porro vel maiores quae repellat.', 2, '2019-01-05 10:05:38', '2019-01-05 10:05:38'),
(90, 198, 'Ivy Moen', 'Ratione quod omnis molestias. Consequatur labore repellat qui tempora voluptatem. Unde inventore nisi atque. Repudiandae omnis non delectus consequuntur qui.', 1, '2019-01-05 10:05:38', '2019-01-05 10:05:38'),
(91, 139, 'Twila Casper V', 'Eos eum dolor quaerat adipisci dolor vitae error. Voluptatem necessitatibus repudiandae et reprehenderit. Rerum officiis eaque amet consequatur mollitia cupiditate. Atque ipsa deleniti et et sapiente autem.', 3, '2019-01-05 10:05:38', '2019-01-05 10:05:38'),
(92, 13, 'Nyasia Leuschke', 'Esse incidunt amet ut. Ad est ad dolores praesentium. Ab voluptas est dolores minus quaerat ut repellat. Sed in necessitatibus nostrum minus. Excepturi ex sunt fugiat illo tempora quidem.', 4, '2019-01-05 10:05:38', '2019-01-05 10:05:38'),
(93, 46, 'Dr. Shayne Ryan', 'Voluptates quo porro corporis eius. Quas nihil quam maxime ullam ad est quibusdam. Maiores voluptates earum et libero. Non voluptatibus aliquid rerum ullam voluptate.', 2, '2019-01-05 10:05:38', '2019-01-05 10:05:38'),
(94, 245, 'Prof. Ross Wilderman Sr.', 'Qui esse perspiciatis necessitatibus optio repellendus. Pariatur et nobis id cumque ex qui. Sint modi dolor quasi aliquid provident error. Tempora molestiae et ut consectetur officiis quia reiciendis.', 0, '2019-01-05 10:05:38', '2019-01-05 10:05:38'),
(95, 124, 'Mrs. Melissa Robel', 'Nam ratione eaque repudiandae. Omnis nihil nihil soluta nihil recusandae facere. Asperiores impedit non inventore. Eius ut sint minima quia tempore alias sit.', 2, '2019-01-05 10:05:38', '2019-01-05 10:05:38'),
(96, 167, 'Kaley Wyman', 'Aut odio repellat dolor molestias. Corrupti explicabo et voluptatibus. Modi assumenda quos sed dolorum nihil ut natus.', 0, '2019-01-05 10:05:38', '2019-01-05 10:05:38'),
(97, 239, 'Osbaldo Swift', 'Dolores aut excepturi consequuntur. Sit provident necessitatibus exercitationem natus qui nobis maiores temporibus. Accusantium pariatur quis consequatur repellendus qui. Laudantium debitis tenetur sapiente.', 2, '2019-01-05 10:05:38', '2019-01-05 10:05:38'),
(98, 237, 'Kaylah Kub', 'Nesciunt et dignissimos aut doloremque occaecati. Optio consequuntur quod quia tempore. Nihil eligendi et reiciendis ut. Similique sint laborum animi quia ad.', 4, '2019-01-05 10:05:38', '2019-01-05 10:05:38'),
(99, 234, 'Hailey Wisoky IV', 'Assumenda voluptas minima voluptatem ut et assumenda laborum enim. Aperiam beatae ipsam repudiandae perferendis laboriosam. Voluptas minus accusamus animi tempore id. Ut ipsam qui nobis omnis ex alias.', 0, '2019-01-05 10:05:38', '2019-01-05 10:05:38'),
(100, 218, 'Jarret Mueller', 'Magni saepe id quia neque molestiae. Maiores inventore quis numquam odit commodi. Maiores repellat deleniti id minima qui sit. Aliquam vel aut ipsam pariatur qui.', 1, '2019-01-05 10:05:38', '2019-01-05 10:05:38'),
(101, 165, 'Fritz Pouros', 'Non eos numquam ratione atque est deleniti. Et qui earum labore voluptas aliquam ab ut. Maxime nulla sint harum voluptate. Nemo eveniet minus in dolor. Consectetur tempora non qui sint expedita aliquam doloremque illo.', 0, '2019-01-05 10:05:38', '2019-01-05 10:05:38'),
(102, 40, 'Mr. Jon Hermiston PhD', 'Est velit quidem iusto alias. Voluptas voluptas est ut aut vel. Repellat quia maxime in quod. Non a ducimus odit doloremque.', 4, '2019-01-05 10:05:38', '2019-01-05 10:05:38'),
(103, 9, 'Jamaal Schuster III', 'Alias ad nesciunt pariatur est sit pariatur sint. Laudantium beatae optio ut alias quia. Aut tempora temporibus labore atque est dolorem. Voluptatem quidem aut repudiandae aut eligendi minus.', 4, '2019-01-05 10:05:38', '2019-01-05 10:05:38'),
(104, 158, 'Ransom Pfeffer', 'Fugit quos ut dolores quae deleniti corporis. Provident et aut nemo repellendus adipisci modi. Incidunt sunt laboriosam iure.', 5, '2019-01-05 10:05:38', '2019-01-05 10:05:38'),
(105, 186, 'Mara Davis', 'Ipsam est nulla qui ut a architecto iusto. Asperiores vero officiis fugit corrupti quo qui. Dolor a voluptates quos et. Corporis ex eum reprehenderit ad.', 5, '2019-01-05 10:05:38', '2019-01-05 10:05:38'),
(106, 220, 'Elisabeth Hegmann PhD', 'Molestias odit sed placeat maiores totam cupiditate eum. Perferendis est earum accusamus occaecati fugiat nihil consequatur. Repellat sequi rerum quae ullam harum occaecati dolorem molestiae.', 4, '2019-01-05 10:05:38', '2019-01-05 10:05:38'),
(107, 187, 'Aglae Douglas IV', 'Libero quibusdam molestiae sit illo perferendis accusamus. Eveniet magnam sit ipsam quia reiciendis.', 5, '2019-01-05 10:05:38', '2019-01-05 10:05:38'),
(108, 19, 'Whitney Tromp II', 'Consequuntur et voluptates eligendi et sapiente. Cupiditate assumenda ut sit. Tempora ullam similique accusamus suscipit. Quae reiciendis officia officiis dignissimos ut exercitationem.', 4, '2019-01-05 10:05:38', '2019-01-05 10:05:38'),
(109, 178, 'Chelsey D\'Amore Sr.', 'Doloribus consequatur velit modi non. Eveniet minima error quisquam ea eius voluptatem distinctio corrupti. Ea aspernatur delectus repellat. Necessitatibus explicabo atque quaerat et voluptatem. Nostrum hic impedit nemo omnis ea qui cumque.', 3, '2019-01-05 10:05:38', '2019-01-05 10:05:38'),
(110, 82, 'Rebekah Stehr', 'Consequuntur dicta omnis est pariatur. Pariatur quis sit et consequatur vel provident vel. Consequatur accusantium rerum natus ad eum sint ut delectus. Voluptas sit ipsam praesentium molestias illo rem ipsam.', 0, '2019-01-05 10:05:38', '2019-01-05 10:05:38'),
(111, 132, 'Mariano Lueilwitz V', 'Voluptas enim eius et qui. Ea odit consequatur consequuntur similique. Non laboriosam accusamus quia et autem ut reprehenderit est. Nihil et ad sunt quo error libero.', 4, '2019-01-05 10:05:38', '2019-01-05 10:05:38'),
(112, 118, 'Marlon Dach', 'Eius voluptate doloribus veritatis debitis minima et qui. Quia quisquam vero et dolores dolore nam ut in. Pariatur odio culpa quo et. Minima hic alias autem ut in eos sed dolores.', 2, '2019-01-05 10:05:38', '2019-01-05 10:05:38'),
(113, 157, 'Evert Feest', 'Dolor libero qui est ipsum similique necessitatibus facere et. Omnis tenetur necessitatibus incidunt magni quo quam. Sint aut aut ad aliquid ullam quidem adipisci. Sequi consequatur atque maiores ut dolore.', 4, '2019-01-05 10:05:38', '2019-01-05 10:05:38'),
(114, 79, 'Jewel O\'Reilly', 'Sunt dignissimos reprehenderit possimus necessitatibus porro. Sunt voluptas quaerat tempora. Ipsa nihil reiciendis autem recusandae sit at voluptatem rerum. Esse omnis sunt ipsum vero ducimus.', 4, '2019-01-05 10:05:38', '2019-01-05 10:05:38'),
(115, 42, 'Ezra Durgan', 'Cupiditate ex deleniti nihil quia voluptatem eligendi. Velit amet iure rerum vel hic mollitia. Voluptatibus et quae pariatur aliquid eveniet libero illum ea.', 3, '2019-01-05 10:05:38', '2019-01-05 10:05:38'),
(116, 99, 'Maxime Rau', 'Eos unde tempora at eum quia repellendus rerum dolorum. Sed id doloremque tempore voluptates quaerat optio. Voluptatem enim voluptatum quae rerum error dolorum libero enim. Veritatis aut qui maiores ducimus voluptatem temporibus. Est earum ut et.', 4, '2019-01-05 10:05:38', '2019-01-05 10:05:38'),
(117, 229, 'Mr. Kareem Bogan DVM', 'Ab eligendi impedit optio minus voluptatem. Exercitationem sed quis qui nisi ea ut. Nisi quo atque saepe enim qui alias exercitationem excepturi.', 4, '2019-01-05 10:05:38', '2019-01-05 10:05:38'),
(118, 1, 'Ryleigh Windler III', 'Ut aut quod autem. Quisquam sunt nisi enim explicabo cum et. Provident vel consequatur architecto velit dolorum ipsa.', 1, '2019-01-05 10:05:38', '2019-01-05 10:05:38'),
(119, 169, 'Dr. Jordyn Cassin', 'Facere magnam aperiam autem distinctio. At aut quae unde dignissimos ullam voluptatem ut. Ea maiores accusantium aliquam numquam numquam laborum. Eos non blanditiis voluptas excepturi. Dicta architecto ullam voluptatem voluptatem modi omnis.', 1, '2019-01-05 10:05:38', '2019-01-05 10:05:38'),
(120, 165, 'Dr. Noemie Cremin', 'Minima alias aliquid totam eaque molestias. Commodi voluptas rem molestiae dolorum ut. Debitis illo quasi dignissimos qui.', 3, '2019-01-05 10:05:38', '2019-01-05 10:05:38'),
(121, 98, 'Neil Dickens', 'Atque unde totam ut. Dolorem asperiores qui quo sit molestias atque aspernatur. Aut accusantium corrupti velit iure.', 4, '2019-01-05 10:05:38', '2019-01-05 10:05:38'),
(122, 74, 'Johathan Carroll', 'Aliquam ullam et est esse. Et fugiat molestiae in. Et minima ipsum incidunt et officiis id consequatur accusantium.', 2, '2019-01-05 10:05:38', '2019-01-05 10:05:38'),
(123, 116, 'Mr. Ned Thompson II', 'Et rem autem cupiditate non nam est. Magnam est explicabo quia quia eos praesentium corrupti.', 1, '2019-01-05 10:05:38', '2019-01-05 10:05:38'),
(124, 232, 'Kian Jones', 'Possimus vero culpa doloribus voluptate. Sequi repellat neque velit quis rerum. Aliquid aliquam corrupti aut natus est similique.', 5, '2019-01-05 10:05:38', '2019-01-05 10:05:38'),
(125, 101, 'Alec Dickens', 'Autem sit voluptatibus quia. Error aut pariatur nihil iusto quis distinctio tenetur. Distinctio eum voluptate voluptas rem. Suscipit similique porro vel quos.', 1, '2019-01-05 10:05:38', '2019-01-05 10:05:38'),
(126, 185, 'Kelton Langosh II', 'Maiores quos quaerat molestiae cupiditate nulla sint. Adipisci distinctio rem dolorem mollitia aut. Id accusamus iusto consequatur laudantium magni et.', 1, '2019-01-05 10:05:38', '2019-01-05 10:05:38'),
(127, 133, 'Gaetano Steuber', 'Praesentium voluptatum non quas aut. Quo id alias quo incidunt. Optio facere omnis quisquam temporibus culpa.', 2, '2019-01-05 10:05:38', '2019-01-05 10:05:38'),
(128, 228, 'Veda Ferry', 'Facilis ipsum consectetur magnam necessitatibus quae minus. Exercitationem alias totam fugit ut sint et. Possimus deleniti aspernatur et in aspernatur. Quae corrupti omnis et veritatis quia. Labore in occaecati fuga odio exercitationem.', 2, '2019-01-05 10:05:38', '2019-01-05 10:05:38'),
(129, 110, 'Janiya Wilkinson V', 'Et non hic corporis accusamus delectus atque veniam. Non animi qui fuga modi excepturi minima consequatur nemo. Explicabo praesentium culpa aut unde dignissimos odit. Dolorem quis cum corporis aut minus est corrupti.', 3, '2019-01-05 10:05:38', '2019-01-05 10:05:38'),
(130, 146, 'Prof. Jose Gaylord Jr.', 'Unde magnam facilis qui fugit ut. Ea est corrupti et ipsa aut. Maxime atque nihil et.', 0, '2019-01-05 10:05:38', '2019-01-05 10:05:38'),
(131, 158, 'Tiffany Walker', 'Corporis sunt ut delectus sequi et debitis. Possimus qui rerum vel officia. Rerum nobis qui illo voluptatem tempore.', 4, '2019-01-05 10:05:38', '2019-01-05 10:05:38'),
(132, 74, 'Prof. Josephine Will', 'Dolores quam nostrum accusantium porro a voluptatem voluptas. Voluptatem voluptate libero architecto et. Nihil quod porro aut ducimus laudantium.', 1, '2019-01-05 10:05:38', '2019-01-05 10:05:38'),
(133, 112, 'Hubert Moore', 'Ut nisi velit distinctio corrupti quod quia dolores. Doloribus dolores beatae in necessitatibus porro porro. Adipisci autem inventore blanditiis sequi natus. Nam ut dolorem quam quisquam sed. Fugit eligendi voluptatem velit quis quis id.', 1, '2019-01-05 10:05:38', '2019-01-05 10:05:38'),
(134, 25, 'Melba Quigley', 'Saepe autem reprehenderit dolorem voluptatem voluptas accusamus. Dolores voluptas fuga at reiciendis atque possimus. Accusantium et dignissimos numquam tempora. Iure aut veritatis maiores magnam debitis ut.', 4, '2019-01-05 10:05:38', '2019-01-05 10:05:38'),
(135, 193, 'Kamryn Jacobson', 'Doloremque vel eum laborum delectus quibusdam similique voluptatibus. Rerum eius laboriosam voluptatum omnis. Labore blanditiis fugiat ut praesentium optio sit.', 3, '2019-01-05 10:05:38', '2019-01-05 10:05:38'),
(136, 241, 'Dr. Pierre Hartmann IV', 'Possimus aliquam minus nam et et omnis. Rerum architecto aut eveniet quos quia et. Non necessitatibus facere rerum odio sit qui laboriosam nam.', 4, '2019-01-05 10:05:38', '2019-01-05 10:05:38'),
(137, 228, 'Olaf Streich', 'Vero expedita accusantium id ipsam est ut temporibus. Velit eius sint quis et. Inventore optio autem nobis minima quos aliquid eos. Eius magnam aspernatur blanditiis tempore ut fugit reiciendis.', 2, '2019-01-05 10:05:38', '2019-01-05 10:05:38'),
(138, 41, 'Dr. Consuelo Renner II', 'Nihil ea accusamus consequatur ut. Rerum laudantium doloremque nemo qui aut molestiae.', 4, '2019-01-05 10:05:38', '2019-01-05 10:05:38'),
(139, 41, 'Dr. Harmon Casper PhD', 'Dolore maxime perferendis quo cumque ut ex. At earum molestias explicabo accusamus aliquam illo. Voluptas molestias illo quasi quas incidunt laboriosam esse. Quia iusto corrupti nulla expedita. Iure vero fugit et aut.', 5, '2019-01-05 10:05:38', '2019-01-05 10:05:38'),
(140, 146, 'Tianna Roob', 'Accusamus laboriosam repellendus voluptatem libero. Eius ipsum ratione dolorem. Iure accusantium necessitatibus ut minima consequatur. Sed non error enim molestiae nihil ut autem.', 5, '2019-01-05 10:05:38', '2019-01-05 10:05:38'),
(141, 130, 'Dr. Marilou Pollich III', 'Distinctio sequi consequatur id voluptas explicabo. Et quia incidunt nobis corrupti. Et voluptas magnam laboriosam hic eos aut.', 3, '2019-01-05 10:05:38', '2019-01-05 10:05:38'),
(142, 64, 'Isaiah Kerluke', 'Perspiciatis vel accusantium et vitae. Amet illo saepe dolorem ea inventore. Accusamus tempore placeat incidunt deserunt voluptas dolores dolorem. Eos dignissimos magnam aut earum.', 3, '2019-01-05 10:05:38', '2019-01-05 10:05:38'),
(143, 11, 'Adrain Graham', 'Et sint et et id occaecati. Quae voluptas laboriosam voluptates atque quae. Dolores aut magnam in alias sapiente eos. Quis voluptas quis deleniti deserunt ut facere corporis aut.', 3, '2019-01-05 10:05:38', '2019-01-05 10:05:38'),
(144, 207, 'Meagan Rodriguez', 'Quam nobis alias commodi quia et quia laboriosam nihil. Sit quisquam dolores dignissimos. Nam provident id sed blanditiis nihil illum porro nesciunt.', 1, '2019-01-05 10:05:38', '2019-01-05 10:05:38'),
(145, 231, 'Ted Rau', 'Sit ratione nemo animi beatae autem et. Beatae et atque ea velit. Dolor ipsum omnis eos illo exercitationem.', 3, '2019-01-05 10:05:38', '2019-01-05 10:05:38'),
(146, 29, 'Kenny Prohaska', 'Et sit cumque sed. Itaque excepturi dolores quis ratione. Fuga cum qui officiis.', 1, '2019-01-05 10:05:38', '2019-01-05 10:05:38'),
(147, 177, 'Freddie Blick', 'Nam velit quam aut animi quaerat vel minus. Explicabo unde nobis laudantium in. Placeat consequatur culpa incidunt ad. Ut qui commodi pariatur labore voluptatem.', 1, '2019-01-05 10:05:38', '2019-01-05 10:05:38'),
(148, 92, 'Jazmin Bosco Sr.', 'Itaque repudiandae autem temporibus perferendis. Expedita totam debitis voluptas. Illum id alias numquam suscipit qui illo. Ad error voluptatem omnis ut.', 2, '2019-01-05 10:05:38', '2019-01-05 10:05:38'),
(149, 205, 'Laisha Cormier DDS', 'Iste occaecati exercitationem a qui. Omnis illo aut sed magnam ut corrupti ratione aut. Consequatur quis dolor quae et occaecati ut consectetur.', 1, '2019-01-05 10:05:38', '2019-01-05 10:05:38'),
(150, 154, 'Prof. Zola Barton', 'Aspernatur porro debitis quod sit fuga. Ipsam velit quam molestiae pariatur. Porro deserunt nostrum reprehenderit vel.', 1, '2019-01-05 10:05:38', '2019-01-05 10:05:38'),
(151, 15, 'Geo O\'Hara', 'Explicabo qui et ullam est. Ut rerum nihil ut enim.', 3, '2019-01-05 10:05:38', '2019-01-05 10:05:38'),
(152, 122, 'Kaylin Dickens', 'Vitae est consequatur veritatis earum sed. At voluptatibus id in quas molestiae laudantium nemo et. Quas voluptatem explicabo magni dolor est.', 1, '2019-01-05 10:05:38', '2019-01-05 10:05:38'),
(153, 51, 'Kody Bruen', 'Vel ipsum fugit est reiciendis fugiat. Voluptate assumenda cum sed rerum impedit eius. Modi voluptatem facilis a aspernatur totam ut deserunt.', 1, '2019-01-05 10:05:38', '2019-01-05 10:05:38'),
(154, 117, 'Elinor Hintz', 'Fugiat sint expedita quis impedit eveniet est saepe sunt. Molestiae voluptatem fugit at illo non. Dicta dolorem in sit consequatur quaerat qui. Voluptatum harum voluptates omnis.', 2, '2019-01-05 10:05:38', '2019-01-05 10:05:38'),
(155, 215, 'Marianna Langworth', 'Fugiat ipsa aliquid accusamus. Rerum qui inventore enim. Aut dolorem qui et eos rerum commodi qui. Quo et facilis laboriosam veritatis velit placeat debitis ipsam. Praesentium harum deleniti est facere doloremque.', 5, '2019-01-05 10:05:38', '2019-01-05 10:05:38'),
(156, 95, 'Lawson Wyman', 'Quibusdam quos qui voluptatem pariatur aliquam itaque. Quis temporibus sed doloribus nesciunt minus praesentium. Ut vitae vero rerum quia libero numquam.', 2, '2019-01-05 10:05:38', '2019-01-05 10:05:38'),
(157, 108, 'Prof. Tristian Lynch Sr.', 'Est qui suscipit quis et corrupti. Maiores sequi quae quaerat non omnis. Blanditiis est facilis eum ut adipisci dolore qui. Nostrum odit ratione esse quaerat molestiae reiciendis.', 4, '2019-01-05 10:05:38', '2019-01-05 10:05:38'),
(158, 147, 'Reanna Beahan', 'Nihil est totam asperiores quibusdam a minima neque unde. Dolores repudiandae est repudiandae reprehenderit totam consequatur quos. Iste necessitatibus repellendus magni. Dolore alias illum quisquam quos.', 3, '2019-01-05 10:05:38', '2019-01-05 10:05:38'),
(159, 56, 'Dr. Rose Lakin', 'Est omnis eveniet eum eius repellat provident. Aperiam consequatur impedit assumenda quibusdam deserunt neque sint quis. Qui eum dolorem aut odit officiis.', 5, '2019-01-05 10:05:38', '2019-01-05 10:05:38'),
(160, 153, 'Ms. Ludie Emmerich DDS', 'Libero aspernatur nostrum alias. Dolorum quo quaerat explicabo dolorem.', 0, '2019-01-05 10:05:38', '2019-01-05 10:05:38'),
(161, 163, 'Marcelle Nicolas', 'Nisi cum amet ut explicabo quia doloribus. Ipsam facilis fugiat sunt repellat molestiae corrupti temporibus et. Ab voluptas et similique quis sint. Voluptatem temporibus voluptatibus molestiae maxime tempora. Facere fugit nemo sed odit repellat.', 1, '2019-01-05 10:05:38', '2019-01-05 10:05:38'),
(162, 55, 'Dr. Sienna Jast II', 'Illo placeat est dolorem labore excepturi maxime et. At tempora fugiat quia sint. Voluptatem voluptas ad quasi non aliquam voluptate ex.', 4, '2019-01-05 10:05:38', '2019-01-05 10:05:38'),
(163, 90, 'Cesar Haag', 'Eveniet accusantium enim maiores illo dolore est. Aut perferendis minus modi voluptatem odio. Rem distinctio minima et modi et velit ut.', 2, '2019-01-05 10:05:38', '2019-01-05 10:05:38'),
(164, 88, 'Maggie Luettgen', 'Odit et sit nam illo. Nam consectetur et in sint. Sapiente velit est deleniti. Nostrum repudiandae aliquid unde voluptates quis.', 0, '2019-01-05 10:05:38', '2019-01-05 10:05:38'),
(165, 243, 'Prof. Benjamin Haley MD', 'Quas aut harum odio. Porro nobis vel eius et.', 2, '2019-01-05 10:05:38', '2019-01-05 10:05:38'),
(166, 54, 'Ms. Sonya Schuppe', 'Aut quam consequatur labore repudiandae est molestiae illo. Voluptate natus distinctio id non dolore pariatur. Fuga consequuntur aut aliquam dolor.', 5, '2019-01-05 10:05:38', '2019-01-05 10:05:38'),
(167, 11, 'Graham Fay', 'Tempore adipisci natus veniam nemo iure. Aspernatur eos ut et facilis voluptate ut. Nihil quia minus nesciunt. Iure eligendi aut facere aut veniam.', 2, '2019-01-05 10:05:38', '2019-01-05 10:05:38'),
(168, 109, 'Mrs. Aubree Cartwright', 'Aperiam repudiandae est sequi repellat quia. Assumenda consequatur illum veniam aut expedita sint iste nisi. Unde ex dolorem vel sunt. Cum quisquam fugiat non qui magnam repellendus animi.', 3, '2019-01-05 10:05:38', '2019-01-05 10:05:38'),
(169, 9, 'Domenic Nikolaus', 'Ipsum dolorum molestias provident sed. Sapiente maiores sequi corrupti qui esse consequuntur. Repellendus quasi sunt non impedit.', 1, '2019-01-05 10:05:38', '2019-01-05 10:05:38'),
(170, 9, 'Furman Beer', 'Ea veniam rerum est et pariatur aut mollitia. Occaecati consequuntur autem et inventore. Non quam voluptatum voluptates esse perferendis. Sit asperiores neque explicabo assumenda illum. Et distinctio tempora voluptatem repellat occaecati inventore non.', 5, '2019-01-05 10:05:38', '2019-01-05 10:05:38'),
(171, 39, 'Miss Kylie Mohr PhD', 'Amet temporibus commodi ut porro. Possimus eum necessitatibus officiis omnis. Placeat voluptatem et voluptatem id vel. Minima adipisci iure voluptatibus ea sequi.', 1, '2019-01-05 10:05:38', '2019-01-05 10:05:38'),
(172, 224, 'Stephania Cremin', 'Corporis molestias aut eum vel quaerat qui. Vel magnam tenetur laudantium facilis. Nemo impedit delectus suscipit incidunt. Dolor perspiciatis tempore eius unde facilis incidunt.', 5, '2019-01-05 10:05:38', '2019-01-05 10:05:38'),
(173, 226, 'Lexus Kshlerin', 'Beatae impedit voluptas nesciunt possimus fugiat enim. Vitae sit voluptas odio qui voluptatibus fuga consectetur.', 5, '2019-01-05 10:05:38', '2019-01-05 10:05:38'),
(174, 129, 'Gilberto Waters', 'Error et maxime iste aspernatur. Assumenda autem totam qui qui voluptatem. Dolorem earum aut nulla expedita. Quibusdam in perferendis laudantium omnis magni.', 1, '2019-01-05 10:05:38', '2019-01-05 10:05:38'),
(175, 35, 'Fatima Jaskolski DVM', 'Consectetur fugiat debitis nam veniam. Et debitis et voluptates sit est praesentium. Aliquid aliquid ut blanditiis voluptatem animi sed neque vel. Corporis qui quae iusto.', 3, '2019-01-05 10:05:38', '2019-01-05 10:05:38'),
(176, 195, 'Dr. Elyse Ziemann MD', 'Delectus eum eum doloremque incidunt. Aut modi amet non hic. Similique vitae id quae quisquam temporibus fuga non.', 3, '2019-01-05 10:05:38', '2019-01-05 10:05:38'),
(177, 28, 'Angelo Feest', 'Quisquam aut sit aut nesciunt quos quaerat. Distinctio aut voluptates id distinctio repudiandae autem optio. Omnis autem enim reiciendis molestiae quis ut.', 1, '2019-01-05 10:05:38', '2019-01-05 10:05:38'),
(178, 152, 'Prof. Jaida Howe', 'Ea sit adipisci molestias aut deleniti laudantium. Quas aut quas commodi ea et incidunt quam.', 1, '2019-01-05 10:05:38', '2019-01-05 10:05:38'),
(179, 33, 'Alexie Bartell V', 'Similique dolores laboriosam aut atque voluptas atque. Ad repudiandae ullam qui ut quo atque accusantium. Deleniti nisi voluptatem voluptatibus enim ut quis. Ipsum sit dolorem deserunt voluptates voluptatum. Modi rerum aut aut incidunt officia qui est.', 1, '2019-01-05 10:05:38', '2019-01-05 10:05:38'),
(180, 147, 'Rafaela Kiehn', 'Deserunt enim qui eveniet repellat cum dolorem quae impedit. Facilis assumenda nobis iure in. Nemo et sed ut minima hic doloribus deserunt quam. Recusandae deleniti laborum repellat.', 3, '2019-01-05 10:05:38', '2019-01-05 10:05:38'),
(181, 185, 'Delaney Champlin Sr.', 'Quisquam facere aut sunt vel. Molestiae et exercitationem nam et tempore a. Inventore enim fugit commodi debitis eius minima assumenda reiciendis.', 3, '2019-01-05 10:05:38', '2019-01-05 10:05:38'),
(182, 179, 'Mrs. Vivian Sporer III', 'Delectus voluptatem et non cum atque. Et ut non a et asperiores.', 5, '2019-01-05 10:05:38', '2019-01-05 10:05:38'),
(183, 95, 'Cecil Fadel', 'Amet non minus eius similique ut. Pariatur nostrum ea consectetur eum atque. Maiores voluptatibus nihil odit sint. Consequatur maxime assumenda qui vitae voluptas.', 4, '2019-01-05 10:05:38', '2019-01-05 10:05:38'),
(184, 183, 'Anahi Kozey', 'Inventore velit voluptatem nesciunt odit sunt. Provident laudantium nisi ut maiores consequuntur. Quaerat corporis esse tenetur quis dolorum porro. Amet veniam impedit similique aperiam aliquid beatae.', 3, '2019-01-05 10:05:38', '2019-01-05 10:05:38'),
(185, 227, 'Prof. Elnora Hirthe', 'A ut nulla non perspiciatis. Aut nisi ipsum numquam excepturi doloribus explicabo illo.', 3, '2019-01-05 10:05:38', '2019-01-05 10:05:38'),
(186, 140, 'Clark Hegmann', 'Sed vel dolorum non ipsa sint maxime quia. Voluptatem aut aut aliquam blanditiis voluptatem animi nobis. Ea quisquam est qui non ipsum unde molestiae. Repellendus reiciendis distinctio consequatur dolore maxime et nesciunt.', 3, '2019-01-05 10:05:38', '2019-01-05 10:05:38'),
(187, 27, 'Claire Swaniawski', 'Similique ratione quibusdam cumque fugit distinctio minus. Libero ut aut omnis natus a soluta omnis. Voluptatem recusandae ratione accusantium consequuntur dolores enim sint.', 3, '2019-01-05 10:05:38', '2019-01-05 10:05:38'),
(188, 19, 'Gisselle Champlin V', 'Voluptas pariatur dolores consequatur et. Aut voluptas quis nihil officia nisi dolores.', 5, '2019-01-05 10:05:38', '2019-01-05 10:05:38'),
(189, 15, 'Jaquelin Hill', 'Provident sint distinctio libero ad dolor inventore iste. Exercitationem laudantium illo veritatis corporis dolorem voluptatem sit excepturi. Velit eos reiciendis et nisi qui dolore.', 4, '2019-01-05 10:05:38', '2019-01-05 10:05:38'),
(190, 189, 'Braxton Kirlin', 'Dolores illum a aliquam dolorem amet delectus quod. Non quaerat repudiandae nam ut tenetur exercitationem. Sed sit hic at repellendus recusandae voluptates accusantium fugit.', 3, '2019-01-05 10:05:38', '2019-01-05 10:05:38'),
(191, 147, 'Rose Williamson', 'Aut maiores iure quas quisquam rerum. Quia veritatis laudantium qui tenetur. Eum sed totam veritatis exercitationem. Harum aliquid quia sed itaque unde. Maiores praesentium est vero magni expedita incidunt autem.', 5, '2019-01-05 10:05:38', '2019-01-05 10:05:38'),
(192, 240, 'Citlalli Johns III', 'Repudiandae itaque unde quis sunt. Quia neque et ducimus ipsum qui nostrum voluptates voluptatum. Dolor fugiat placeat omnis et iusto asperiores.', 2, '2019-01-05 10:05:38', '2019-01-05 10:05:38'),
(193, 137, 'Beulah Yundt', 'In accusantium expedita reiciendis fugit error modi quibusdam deserunt. Aut dolores nihil molestiae quo. Ea adipisci voluptatem quo atque quasi. Quia quia eaque necessitatibus dolores.', 2, '2019-01-05 10:05:38', '2019-01-05 10:05:38'),
(194, 208, 'Koby Reilly', 'Voluptatum est consequatur vitae sed ut enim. Et impedit omnis numquam nostrum. Reprehenderit est ea rerum praesentium reprehenderit inventore. Mollitia provident pariatur porro inventore deserunt nesciunt. Quod sed fugit saepe molestiae saepe perferendis.', 3, '2019-01-05 10:05:38', '2019-01-05 10:05:38'),
(195, 163, 'Dr. Gustave Heaney', 'Odio molestias incidunt cum ipsum. Harum aut illum atque porro. Quae dignissimos est nisi esse vero sed. Debitis sit sequi ex.', 3, '2019-01-05 10:05:38', '2019-01-05 10:05:38'),
(196, 71, 'Bridget Wunsch Jr.', 'Vero quasi voluptatem et repellendus. Magnam laboriosam tempora odit id. Saepe nobis qui aliquid quia nemo dolor et.', 2, '2019-01-05 10:05:38', '2019-01-05 10:05:38'),
(197, 186, 'Maude Olson', 'Nulla aut architecto error doloribus. Vel odit error consequuntur iste nulla laboriosam voluptas. Maxime architecto maiores ut enim. Blanditiis voluptatem tenetur tenetur illo atque officia repellendus.', 2, '2019-01-05 10:05:38', '2019-01-05 10:05:38'),
(198, 204, 'Mr. Edgar Schmitt', 'Aut eos optio quod magnam architecto. Eveniet fugit odio similique quo est modi aliquam. Dolores magnam quia eligendi explicabo. Iste molestias expedita exercitationem nisi quidem. Tempore itaque neque vel in voluptatem id ut.', 5, '2019-01-05 10:05:38', '2019-01-05 10:05:38'),
(199, 197, 'Kassandra Crooks I', 'Ut error iure et eos velit voluptas. Velit quaerat et id tempora. Reiciendis quas consequatur dolor non nam neque et atque. Ipsa nihil occaecati rem voluptatem rem optio aspernatur ea.', 5, '2019-01-05 10:05:38', '2019-01-05 10:05:38'),
(200, 58, 'Ms. Hermina Windler', 'Amet quos quidem dolorem non enim ipsum. Et non excepturi sit aut. Aliquid sed perspiciatis odio dolorem.', 3, '2019-01-05 10:05:38', '2019-01-05 10:05:38'),
(201, 84, 'Dr. Roderick Hessel', 'Quis ad incidunt amet saepe. Enim veniam voluptatibus excepturi. Sunt dolorem aut nihil itaque nemo.', 4, '2019-01-05 10:05:38', '2019-01-05 10:05:38'),
(202, 65, 'Prof. Mack Mann', 'Voluptate rerum reiciendis expedita eveniet non tempora eligendi. Nesciunt autem blanditiis voluptas quia. Ratione ipsum velit nam quasi dolor dolorem.', 2, '2019-01-05 10:05:38', '2019-01-05 10:05:38'),
(203, 147, 'Prof. Louie Lockman PhD', 'Non beatae commodi saepe. Eos velit labore nam quam. Officia minus eos quo.', 0, '2019-01-05 10:05:38', '2019-01-05 10:05:38'),
(204, 176, 'Jedediah Hartmann', 'Nam fuga eum voluptatem doloremque eum neque. Labore accusamus impedit dolores minima dolores quod aut. Repellat architecto voluptatem eaque.', 3, '2019-01-05 10:05:38', '2019-01-05 10:05:38'),
(205, 35, 'Dr. Oren Miller', 'Quia sunt laborum dicta facilis amet aut. Ut quia et dolor ratione. Nemo aut eos quis id enim quia. Ut amet optio quod excepturi saepe est.', 0, '2019-01-05 10:05:38', '2019-01-05 10:05:38'),
(206, 80, 'Dr. Dillon Hansen IV', 'Modi dolor qui velit modi. Ex officia dolorem eos hic quia. Non quis voluptates ad aut.', 0, '2019-01-05 10:05:38', '2019-01-05 10:05:38'),
(207, 201, 'Mabel Reichel', 'Et ab molestiae eveniet suscipit est doloremque. Sapiente rerum et unde magni fuga quidem magni. Reiciendis corporis nobis perspiciatis omnis culpa tempora suscipit. Ipsa et itaque ut et.', 4, '2019-01-05 10:05:38', '2019-01-05 10:05:38');
INSERT INTO `reviews` (`id`, `product_id`, `customer`, `review`, `star`, `created_at`, `updated_at`) VALUES
(208, 13, 'Lamar O\'Kon II', 'Tempore voluptatem quaerat eius dolorem culpa et. Non qui omnis minima nostrum culpa. Distinctio eum debitis consequuntur adipisci. Quo eaque quod ut voluptatem. Voluptas quia possimus quaerat.', 4, '2019-01-05 10:05:38', '2019-01-05 10:05:38'),
(209, 124, 'Dr. Roderick Champlin Sr.', 'Vel quos quis repellendus molestiae. Voluptas eum ex facilis fuga aut. Sapiente deserunt sit qui. Qui et facere animi magni id illo qui.', 3, '2019-01-05 10:05:38', '2019-01-05 10:05:38'),
(210, 54, 'Cathrine Crist DVM', 'Tempore accusantium rerum optio magnam similique vel unde. Aperiam ut quam at incidunt vel. Labore necessitatibus voluptatibus cumque odit. Dolor voluptate incidunt et consequatur facilis optio cum enim.', 3, '2019-01-05 10:05:38', '2019-01-05 10:05:38'),
(211, 11, 'Arvilla Balistreri', 'Consequatur omnis est nam. Sed aliquam aut voluptas iste et deleniti ad reprehenderit. Aliquam qui modi tempore quod et aut aut aut.', 2, '2019-01-05 10:05:38', '2019-01-05 10:05:38'),
(212, 110, 'Tressie Koss', 'Iste accusamus earum qui veritatis porro nobis exercitationem. Ut voluptatem perferendis voluptate.', 1, '2019-01-05 10:05:38', '2019-01-05 10:05:38'),
(213, 14, 'Lula Roob V', 'Dignissimos vitae beatae ducimus. Enim et odit quam voluptatibus dolorum. Nesciunt qui voluptatem vel quia quaerat assumenda.', 3, '2019-01-05 10:05:38', '2019-01-05 10:05:38'),
(214, 168, 'Robb Spinka', 'Nesciunt quis itaque reiciendis. Nam consectetur consequatur neque. Placeat praesentium rerum quaerat sed qui. Corporis reprehenderit enim et facere voluptates molestiae.', 0, '2019-01-05 10:05:38', '2019-01-05 10:05:38'),
(215, 158, 'Leonora Fadel', 'Ut illo explicabo ut dolorem dolores in voluptates. Dolor provident aut delectus modi molestiae voluptatem. Autem commodi velit voluptatem dolor perspiciatis. Voluptatem et occaecati eveniet nihil praesentium nostrum quia. Assumenda minima recusandae eaque.', 4, '2019-01-05 10:05:38', '2019-01-05 10:05:38'),
(216, 150, 'Sarah Sawayn', 'Voluptatum in delectus ipsam enim officia eos. Deserunt esse porro voluptate natus esse aspernatur neque quam. Sed id vel asperiores ab quae ut ut.', 3, '2019-01-05 10:05:38', '2019-01-05 10:05:38'),
(217, 219, 'Mireille Donnelly', 'Ex odio mollitia voluptatibus dignissimos. Mollitia non a amet consequatur mollitia adipisci dolorem magnam.', 2, '2019-01-05 10:05:38', '2019-01-05 10:05:38'),
(218, 99, 'Jaida Walter Jr.', 'Et voluptatum consequatur quo ipsum id et laborum. Fugit pariatur in magni voluptas saepe. Cum quaerat sed sequi explicabo commodi ducimus cupiditate. Nobis quia dolore voluptas non ex.', 4, '2019-01-05 10:05:38', '2019-01-05 10:05:38'),
(219, 107, 'Izaiah Gutkowski', 'Aut consequatur aut ut ea et possimus nemo. Possimus sequi quia asperiores blanditiis fugiat sunt facilis.', 5, '2019-01-05 10:05:38', '2019-01-05 10:05:38'),
(220, 65, 'Eino McLaughlin DDS', 'Architecto temporibus accusantium repellat eius aut culpa facilis aut. Et in molestiae facere dolore. Rem ratione et autem doloremque ipsa voluptatibus odio.', 0, '2019-01-05 10:05:38', '2019-01-05 10:05:38'),
(221, 134, 'Rosella Stanton', 'Quod autem nam eaque pariatur. Illo perspiciatis debitis qui laborum. Autem numquam facere aperiam est aut. Omnis consequatur rerum ipsum amet voluptatum aut.', 0, '2019-01-05 10:05:38', '2019-01-05 10:05:38'),
(222, 72, 'Edison Franecki', 'Cupiditate quae beatae dolorum possimus qui. Tenetur ducimus maiores doloribus. Dicta placeat minima facere et animi suscipit ut.', 1, '2019-01-05 10:05:38', '2019-01-05 10:05:38'),
(223, 123, 'Delia Smith', 'Dicta nobis voluptate temporibus eum. Provident qui quis aut sunt saepe. In occaecati laboriosam consequatur enim amet. Iure eveniet molestias et et quis sed.', 1, '2019-01-05 10:05:38', '2019-01-05 10:05:38'),
(224, 132, 'Mercedes Kassulke', 'Reiciendis et tenetur reiciendis quia nemo voluptate alias. Voluptatem dolorum molestiae molestias magnam. Et consectetur impedit iste ut rerum nemo accusamus. Adipisci impedit reprehenderit voluptatem nobis voluptatem sed aut.', 0, '2019-01-05 10:05:38', '2019-01-05 10:05:38'),
(225, 98, 'Makayla Barton', 'Quia enim rerum nihil perspiciatis in in adipisci. Eum sunt voluptatibus et qui omnis quaerat. Qui sint quod ab enim fuga aliquam accusantium. Aut sunt et dolorem ut et hic sequi.', 1, '2019-01-05 10:05:38', '2019-01-05 10:05:38'),
(226, 109, 'Ena D\'Amore', 'Odio debitis ullam eaque dolore ea minus ut. Id error est ipsum fugit rem et consequatur maxime.', 4, '2019-01-05 10:05:38', '2019-01-05 10:05:38'),
(227, 89, 'Tyra McKenzie', 'Tenetur non dolorem reiciendis quia ea nobis soluta. Tempore velit voluptas autem est. Impedit eum voluptate quisquam repudiandae eum dolor quam distinctio. Sunt officiis animi animi dolores veniam. Voluptatem quia temporibus tempore maxime qui temporibus.', 3, '2019-01-05 10:05:38', '2019-01-05 10:05:38'),
(228, 22, 'Moises Kessler', 'Quia amet voluptate autem ratione culpa odio optio. Quia ab sed est praesentium illo mollitia. Non numquam delectus enim molestias corrupti voluptas ea.', 2, '2019-01-05 10:05:38', '2019-01-05 10:05:38'),
(229, 4, 'Taya Gutkowski', 'Qui aut culpa qui consequatur explicabo est mollitia. Quia nesciunt reprehenderit natus veritatis dicta. Quia minima repellendus quidem explicabo. Cumque laborum ipsam alias impedit dolore nobis.', 1, '2019-01-05 10:05:38', '2019-01-05 10:05:38'),
(230, 163, 'Breanna Parker', 'Quibusdam hic molestiae aliquid architecto voluptatem adipisci. Repudiandae ipsa voluptatem cum corrupti. Praesentium totam sapiente et illum. Aperiam omnis amet quos esse quae. Unde ut corporis in eum libero expedita.', 2, '2019-01-05 10:05:38', '2019-01-05 10:05:38'),
(231, 212, 'Brenden Fadel', 'In et nulla rerum. Vel pariatur alias ut rerum consectetur unde.', 0, '2019-01-05 10:05:38', '2019-01-05 10:05:38'),
(232, 25, 'Rolando Breitenberg II', 'Unde rerum et ipsum earum corrupti quia rem. Laboriosam quia ut est corrupti vel facilis. Beatae repellat ut in minus quasi facere. Minima voluptates quaerat suscipit aspernatur sit. Illum iste deleniti corrupti ratione aliquam nihil.', 1, '2019-01-05 10:05:38', '2019-01-05 10:05:38'),
(233, 162, 'Prof. Dock Grimes DDS', 'Sit alias alias nobis doloribus et. Accusantium incidunt omnis incidunt quis nobis cupiditate. Unde illum quo dolorem dolores nihil laboriosam non. Numquam aut eius quas sed rem quod et sapiente. Fugit deserunt officiis dolor nihil.', 5, '2019-01-05 10:05:38', '2019-01-05 10:05:38'),
(234, 68, 'Jayson O\'Connell', 'Occaecati qui quae harum ea nobis. Numquam ullam provident accusantium expedita dolorem maxime. Eum perferendis illum reiciendis rem molestias veniam. Rem sint enim minus iusto.', 2, '2019-01-05 10:05:38', '2019-01-05 10:05:38'),
(235, 209, 'Luciano Schuppe', 'Dicta nostrum non culpa nemo. Nam ut reiciendis occaecati repellat non. Saepe quis sequi quo aut laudantium dolor. Soluta non aut ut quia voluptatem porro.', 3, '2019-01-05 10:05:38', '2019-01-05 10:05:38'),
(236, 2, 'Sherman Okuneva', 'Repudiandae eos et ipsam cum sint. Natus perferendis quis eos maxime optio. Provident consectetur ut excepturi libero laborum accusamus quis. Fugit amet facilis praesentium quia assumenda praesentium. Placeat quos delectus molestiae quia.', 5, '2019-01-05 10:05:38', '2019-01-05 10:05:38'),
(237, 167, 'Mr. Conor Greenholt', 'Esse quo eos quia officiis minima. Voluptas maiores amet ad non occaecati quo sint itaque. Excepturi magnam quam ducimus molestiae totam quae. Minus adipisci molestiae est quia doloribus.', 3, '2019-01-05 10:05:38', '2019-01-05 10:05:38'),
(238, 102, 'Palma Flatley III', 'Et consequatur qui neque error est. Pariatur quasi sit ipsum deleniti odio. Odit consequatur corrupti quae ut. Neque vel blanditiis nam eligendi molestiae qui.', 0, '2019-01-05 10:05:38', '2019-01-05 10:05:38'),
(239, 142, 'Mr. Francis Sawayn', 'Ratione quo sed qui inventore cum eos optio. Voluptatibus omnis sapiente neque similique sapiente eligendi. Voluptate sunt est molestiae. Est enim delectus pariatur enim reiciendis eveniet non.', 5, '2019-01-05 10:05:38', '2019-01-05 10:05:38'),
(240, 6, 'Ellen Welch V', 'Enim voluptas voluptas ipsam rerum non harum. Consectetur sunt officiis veniam ab non perspiciatis. Assumenda ut nisi soluta. Illum omnis molestias repudiandae odio.', 2, '2019-01-05 10:05:38', '2019-01-05 10:05:38'),
(241, 119, 'Prof. Elwin Roberts', 'Enim magni quia cum libero et. Doloremque deserunt nam rerum natus praesentium quo blanditiis. Officia odit ex vitae quo.', 5, '2019-01-05 10:05:38', '2019-01-05 10:05:38'),
(242, 133, 'Prof. Humberto Abshire', 'Necessitatibus sed quae dolore ipsam. Cumque voluptas dolor voluptas recusandae et numquam. Incidunt explicabo corrupti aperiam. Autem voluptas non ab.', 4, '2019-01-05 10:05:38', '2019-01-05 10:05:38'),
(243, 95, 'Dr. Jennyfer Aufderhar DVM', 'Rerum debitis totam molestiae unde voluptas. Saepe optio qui eius.', 3, '2019-01-05 10:05:38', '2019-01-05 10:05:38'),
(244, 163, 'Chase Hartmann', 'Quaerat vero et rem nihil quasi ipsum explicabo. In sed similique soluta tempora placeat quo. Magni sint voluptatem est praesentium aut amet. Dolores possimus nostrum aut cum.', 3, '2019-01-05 10:05:38', '2019-01-05 10:05:38'),
(245, 9, 'Eulalia Smitham', 'In fugit et fugit quos voluptatem. Sed a eos ut et veniam omnis.', 4, '2019-01-05 10:05:38', '2019-01-05 10:05:38'),
(246, 167, 'Viva Sipes', 'Tempora sapiente voluptatem asperiores atque culpa eos velit. Error voluptatibus et quidem omnis deleniti aut recusandae autem. Est libero et est.', 0, '2019-01-05 10:05:38', '2019-01-05 10:05:38'),
(247, 52, 'Ms. Betsy Schuppe II', 'Dicta ipsa eaque dolor error fuga. Nam voluptatum aut asperiores. Accusantium fugiat sed quo dicta nesciunt est. Nulla totam repellendus est repellendus nulla repudiandae facere.', 5, '2019-01-05 10:05:38', '2019-01-05 10:05:38'),
(248, 55, 'Amelie Swaniawski Jr.', 'Ad rerum cumque consectetur ut exercitationem illum ut. A consequuntur molestias aspernatur facere et sed. Ad numquam maxime natus quos.', 0, '2019-01-05 10:05:38', '2019-01-05 10:05:38'),
(249, 184, 'Marty McLaughlin Sr.', 'Sit qui et omnis dignissimos dolores doloribus corrupti rerum. Natus et ea natus ut aliquam illo. Occaecati voluptas corporis impedit totam eum at repudiandae.', 5, '2019-01-05 10:05:38', '2019-01-05 10:05:38'),
(250, 69, 'Dr. Audrey Bogan', 'Perferendis ipsum incidunt deleniti eum aperiam consectetur quos. Nostrum atque ipsa itaque saepe. Aut natus et distinctio officiis rerum minus qui.', 1, '2019-01-05 10:05:38', '2019-01-05 10:05:38'),
(251, 195, 'Prof. Dewitt Kutch V', 'Qui atque quis et perspiciatis. Sunt tempora sed nulla dolore possimus ducimus suscipit. Placeat nesciunt distinctio et qui in odio molestias. Delectus modi laborum sit dolor nulla.', 4, '2019-01-05 10:05:38', '2019-01-05 10:05:38'),
(252, 155, 'Dr. Miller Hyatt PhD', 'Natus quidem occaecati rem magni. Quae maxime perspiciatis molestiae mollitia. Facilis est expedita quibusdam dolor deleniti. Explicabo quis voluptates a dolores voluptas ea expedita delectus.', 3, '2019-01-05 10:05:38', '2019-01-05 10:05:38'),
(253, 25, 'Erin Dicki IV', 'Dignissimos eos tempora laboriosam et. Iusto dolore aut sunt quis ut qui. Nisi illum temporibus ea quidem qui similique et. Aut nihil saepe soluta voluptatem aut doloremque delectus.', 5, '2019-01-05 10:05:38', '2019-01-05 10:05:38'),
(254, 12, 'Everette Grimes', 'Rerum deleniti alias officiis autem ut velit. Natus rerum perspiciatis odit necessitatibus. Error totam est molestiae praesentium.', 4, '2019-01-05 10:05:38', '2019-01-05 10:05:38'),
(255, 15, 'Prof. Dudley Boyle III', 'Quia ducimus qui suscipit molestiae. Voluptatibus animi voluptatum id ullam ab. Ducimus alias illum fugit voluptas nobis sit dicta. Nobis doloribus nemo at consequatur aliquam ex.', 1, '2019-01-05 10:05:38', '2019-01-05 10:05:38'),
(256, 21, 'Kyla Lehner', 'Aut ea similique delectus ut. Unde enim asperiores facilis omnis maiores id. Similique facilis itaque ea et praesentium. Harum error adipisci et pariatur ullam. Sed officiis dolorem numquam molestiae repellat voluptatem omnis.', 5, '2019-01-05 10:05:38', '2019-01-05 10:05:38'),
(257, 211, 'Ms. Jane Murray', 'Animi rerum sed voluptates ullam aliquid reiciendis occaecati ullam. Non culpa ut in nemo. Voluptatem architecto harum quo quasi quia non pariatur.', 2, '2019-01-05 10:05:38', '2019-01-05 10:05:38'),
(258, 67, 'Mrs. Dora Hoppe PhD', 'Omnis quis dolor sequi quia. Dolorem assumenda ad soluta ut aut minus est. Quasi aut non repellendus quasi distinctio aut asperiores. At enim omnis quam aut dolorem ea.', 4, '2019-01-05 10:05:38', '2019-01-05 10:05:38'),
(259, 27, 'Dominique Hayes', 'Blanditiis quia voluptate quod unde fugit aliquid vel et. Natus eos vitae quibusdam quam. Velit vero mollitia error dolorem explicabo. Explicabo voluptatum ea at cum necessitatibus.', 3, '2019-01-05 10:05:38', '2019-01-05 10:05:38'),
(260, 49, 'Justina Spinka', 'Quis exercitationem vel quis est sint quod. Impedit qui maxime nobis qui beatae eum. Officia eius in velit quas sunt quaerat reprehenderit. Quo in vel aliquam sapiente est provident et.', 1, '2019-01-05 10:05:38', '2019-01-05 10:05:38'),
(261, 134, 'Buddy Padberg', 'Architecto omnis ea pariatur recusandae perferendis mollitia voluptatum. Officiis quas cumque quisquam fugiat aut. Rem numquam velit iste. Repellendus itaque occaecati necessitatibus voluptatem vel. Aspernatur dolorem ut aut.', 1, '2019-01-05 10:05:38', '2019-01-05 10:05:38'),
(262, 125, 'Jaylan Sawayn Jr.', 'Veniam repudiandae libero at. Debitis quia molestiae voluptate aut commodi dolorem consequatur ea. Et totam et atque aut ratione sunt et. Ea iste occaecati modi quasi magni atque. Aut ratione id ipsum non.', 2, '2019-01-05 10:05:38', '2019-01-05 10:05:38'),
(263, 102, 'Shaun Kessler', 'Sunt voluptates sunt architecto. Explicabo omnis vel perferendis cumque dolores facere. Ut minus voluptates in laudantium ad illo. Aspernatur iste consequatur ea autem hic ut.', 5, '2019-01-05 10:05:38', '2019-01-05 10:05:38'),
(264, 65, 'Lottie Stroman', 'Aliquam veritatis explicabo et. Sint nisi neque dignissimos molestias. Suscipit dolore ut est odio totam. Enim ut laboriosam laudantium possimus.', 2, '2019-01-05 10:05:38', '2019-01-05 10:05:38'),
(265, 90, 'Ms. Hollie Schamberger MD', 'Voluptas iure tempore et dolor quia accusantium. Mollitia consequatur voluptatibus odio dignissimos eos ut. Quis rerum dolorem est qui saepe reiciendis.', 0, '2019-01-05 10:05:38', '2019-01-05 10:05:38'),
(266, 88, 'Dr. Jennings Kuphal II', 'Doloribus laborum ipsam numquam expedita. Excepturi ratione ad voluptas et harum voluptate a. Voluptatem tempore quas totam facilis in quia. Magni molestias fuga laboriosam ut dolores.', 1, '2019-01-05 10:05:38', '2019-01-05 10:05:38'),
(267, 124, 'Garret Spencer', 'Id repellendus odit magni voluptate et et voluptatem. Dicta voluptas minima iste quis. Rerum ut harum fugiat et.', 1, '2019-01-05 10:05:38', '2019-01-05 10:05:38'),
(268, 104, 'Elmira Hintz', 'Magni cum quod odit. A sit commodi non repellendus id. Ut sint et rem esse qui ducimus. Eius qui delectus aliquid nostrum.', 2, '2019-01-05 10:05:38', '2019-01-05 10:05:38'),
(269, 225, 'Dominic Halvorson', 'Fuga repellendus dolor corporis totam aspernatur ipsum occaecati. Itaque unde facere aut perspiciatis. Cupiditate ut accusantium et laborum recusandae similique optio.', 1, '2019-01-05 10:05:38', '2019-01-05 10:05:38'),
(270, 174, 'Hollis Wisoky', 'In doloremque et qui aut minima blanditiis et. Nihil voluptatem sed sapiente praesentium. Hic et repellat qui. Nesciunt sed ipsum maxime nihil.', 4, '2019-01-05 10:05:38', '2019-01-05 10:05:38'),
(271, 152, 'Angel Williamson', 'Praesentium et est repellat. Ea officia ipsa numquam aut qui possimus dolore. Iure voluptas iusto voluptas voluptas qui. Impedit ea beatae commodi.', 3, '2019-01-05 10:05:38', '2019-01-05 10:05:38'),
(272, 5, 'Javon Rogahn', 'Beatae quo aperiam quas eum libero in. Ipsam suscipit harum tempore quia. Molestiae adipisci esse non.', 3, '2019-01-05 10:05:38', '2019-01-05 10:05:38'),
(273, 26, 'Prof. Breana Gleason', 'Cumque qui rerum error occaecati nihil et tempore aperiam. Quidem rerum rerum alias aperiam. Iure nesciunt inventore dolorum soluta consequatur.', 4, '2019-01-05 10:05:38', '2019-01-05 10:05:38'),
(274, 46, 'Janet Corwin', 'Unde et veritatis cupiditate laboriosam eius a. In voluptatum perferendis odio fuga eos voluptates. Quo culpa blanditiis modi ullam illum at eum.', 2, '2019-01-05 10:05:38', '2019-01-05 10:05:38'),
(275, 44, 'Jalen Runolfsson', 'Officiis non possimus veritatis et. Quas cupiditate voluptatem aliquam unde facilis et. Quia sequi odio quibusdam natus. Doloribus officia ut impedit cumque nisi deleniti quo.', 4, '2019-01-05 10:05:38', '2019-01-05 10:05:38'),
(276, 32, 'Sammie Schuppe', 'Magni omnis et itaque illo temporibus. Dolores dignissimos debitis rem consectetur dolorem et. Eveniet minima sed quisquam illo reiciendis.', 4, '2019-01-05 10:05:38', '2019-01-05 10:05:38'),
(277, 23, 'Ms. Kaitlin Moen I', 'Ut natus blanditiis eligendi aperiam. Natus blanditiis voluptatibus eos quo minima aliquid. Molestiae at voluptas cumque illum suscipit et.', 3, '2019-01-05 10:05:38', '2019-01-05 10:05:38'),
(278, 129, 'Bobby Ledner', 'At vero veniam qui. Molestias culpa eveniet est sit consequatur. Sit suscipit accusamus enim fugit est.', 3, '2019-01-05 10:05:38', '2019-01-05 10:05:38'),
(279, 247, 'Aleen Erdman Sr.', 'Ea sed ullam quia molestias. Inventore fuga similique reprehenderit et libero minus eos. Quae et aut aperiam ex vel quisquam et vitae. Dolor corrupti fugiat incidunt quos iusto vitae quia.', 1, '2019-01-05 10:05:38', '2019-01-05 10:05:38'),
(280, 235, 'Rhiannon Abshire', 'Autem dolorum minima ipsam est omnis eos amet. Et qui cum ex veritatis illo minima. Voluptatem qui aliquid animi beatae corrupti. Illo sunt nihil aut magni quibusdam.', 3, '2019-01-05 10:05:38', '2019-01-05 10:05:38'),
(281, 226, 'Mabel Marvin', 'Modi minima laudantium molestiae libero eum consequatur. Modi minima odit sit quia recusandae. Repellendus quis deleniti molestiae velit. Ipsum molestias aliquid est quia commodi vitae.', 3, '2019-01-05 10:05:38', '2019-01-05 10:05:38'),
(282, 137, 'Owen Auer PhD', 'Qui hic tempora nihil sed voluptas. Eum reprehenderit fugit voluptas porro. Et et ex amet iure consequatur quisquam possimus. Cumque aut vero minus nemo et esse.', 5, '2019-01-05 10:05:38', '2019-01-05 10:05:38'),
(283, 217, 'Efren DuBuque', 'Quibusdam reiciendis quo blanditiis facilis veritatis numquam dolor. Officiis ut unde exercitationem sequi. Laboriosam id ea ut et culpa repellendus quam quod.', 1, '2019-01-05 10:05:38', '2019-01-05 10:05:38'),
(284, 169, 'Bennett Moore', 'Enim natus qui voluptatem nulla. Qui cum exercitationem vel iste et minus ipsam. Libero quidem et iusto. Nobis officia hic numquam magni ipsa suscipit quos.', 2, '2019-01-05 10:05:38', '2019-01-05 10:05:38'),
(285, 93, 'Aurore McCullough', 'Hic ipsam qui cupiditate ea repellat id. Temporibus autem quis molestias enim tenetur quia esse. Non doloremque repellat tempora optio sint quisquam. Et sed et blanditiis placeat eos magni dolor.', 2, '2019-01-05 10:05:38', '2019-01-05 10:05:38'),
(286, 154, 'Ms. Mabelle Sanford PhD', 'Culpa inventore sed accusantium sapiente facere accusamus quis. Quia quis magni asperiores officia. Dolor neque animi ipsam pariatur itaque quia sapiente. Est nihil exercitationem et rerum.', 1, '2019-01-05 10:05:38', '2019-01-05 10:05:38'),
(287, 226, 'Mrs. Suzanne Strosin', 'Nihil tempora quae ut qui recusandae magni. Sit consequuntur voluptate commodi rerum alias beatae rerum. Quis iste adipisci rem deserunt qui et. Recusandae amet consectetur consequatur assumenda tempore qui voluptatum non.', 3, '2019-01-05 10:05:38', '2019-01-05 10:05:38'),
(288, 207, 'Cordelia Williamson', 'Maiores accusantium assumenda perspiciatis tempore. Hic animi maxime placeat reiciendis voluptatibus. Non ad omnis non quisquam omnis ut. Ipsum cumque necessitatibus accusamus assumenda voluptatem.', 1, '2019-01-05 10:05:38', '2019-01-05 10:05:38'),
(289, 202, 'Jaylin Kunze', 'Inventore totam placeat soluta dolore saepe assumenda quo recusandae. Repudiandae aut assumenda impedit ut esse. Aut rerum dolores perferendis consequatur eligendi et amet saepe. Est qui autem fugiat odit. Ut nam sed necessitatibus dignissimos.', 0, '2019-01-05 10:05:38', '2019-01-05 10:05:38'),
(290, 164, 'Bennie Hansen', 'Quo molestiae aut porro totam. Sed repudiandae ut eveniet et fugit. Similique sed amet facere libero aut.', 2, '2019-01-05 10:05:38', '2019-01-05 10:05:38'),
(291, 138, 'Ilene Bode', 'Maiores voluptas quae eveniet ut quis. Quis vel corrupti sed et. Possimus ut nemo explicabo et harum. Quia saepe ad corporis neque.', 1, '2019-01-05 10:05:38', '2019-01-05 10:05:38'),
(292, 111, 'Angelica Schaden I', 'Nihil excepturi aut nemo voluptatem accusantium praesentium. Et rerum tenetur libero dolor. Eligendi eum consequatur sed dolores a corporis qui. Architecto non totam dicta unde expedita nulla.', 1, '2019-01-05 10:05:38', '2019-01-05 10:05:38'),
(293, 154, 'Miss Maya Walter DVM', 'Sequi quae aut ratione dolore vero labore. Corporis eos voluptatibus sapiente magnam saepe accusamus enim.', 2, '2019-01-05 10:05:38', '2019-01-05 10:05:38'),
(294, 32, 'Alison Rempel', 'Et minima itaque in ipsam nisi nobis suscipit. Vitae qui odit voluptatibus et sit minima veniam numquam. Velit accusantium eius commodi inventore. Et repudiandae quibusdam dolores occaecati. Autem sunt vel excepturi earum et odio illum.', 2, '2019-01-05 10:05:38', '2019-01-05 10:05:38'),
(295, 192, 'Dr. Lyla Kovacek MD', 'Aliquid sit et voluptatem aut ea ex asperiores. Ut delectus laudantium est fugit. Voluptas eaque repudiandae iure impedit sequi nihil iusto et. Eius nulla eligendi et voluptas delectus sunt ut.', 0, '2019-01-05 10:05:38', '2019-01-05 10:05:38'),
(296, 145, 'Beaulah Ziemann', 'Alias in adipisci vel facilis autem impedit. Libero tempora et quae aut dolorem animi. Iure nesciunt eius et.', 1, '2019-01-05 10:05:38', '2019-01-05 10:05:38'),
(297, 217, 'Sheldon Erdman', 'Quae rem nisi maxime natus quia non molestiae. Repudiandae nesciunt a consequatur impedit eos dicta. Sed repellat in aspernatur nam enim. Ab consequatur sunt quis delectus.', 2, '2019-01-05 10:05:38', '2019-01-05 10:05:38'),
(298, 40, 'Angelina Schneider PhD', 'Quam quis ut et. Fugiat beatae ut necessitatibus optio nihil doloribus voluptas. Pariatur quia accusantium deleniti. Rerum et debitis sit debitis earum cupiditate placeat.', 4, '2019-01-05 10:05:38', '2019-01-05 10:05:38'),
(299, 235, 'Bettie Stanton', 'Laudantium itaque corporis excepturi reiciendis. Voluptas doloribus et eius ipsa facere assumenda voluptatibus. Rerum earum voluptas ea et nesciunt impedit delectus quos.', 0, '2019-01-05 10:05:38', '2019-01-05 10:05:38'),
(300, 47, 'Urban Witting II', 'Et commodi tenetur labore quia aut ut. Ducimus odio eveniet sequi sunt officia ratione voluptatem. Et ratione est qui vel.', 5, '2019-01-05 10:05:38', '2019-01-05 10:05:38');

-- --------------------------------------------------------

--
-- Table structure for table `users`
--

DROP TABLE IF EXISTS `users`;
CREATE TABLE IF NOT EXISTS `users` (
  `id` int(10) UNSIGNED NOT NULL AUTO_INCREMENT,
  `name` varchar(191) COLLATE utf8mb4_unicode_ci NOT NULL,
  `email` varchar(191) COLLATE utf8mb4_unicode_ci NOT NULL,
  `email_verified_at` timestamp NULL DEFAULT NULL,
  `password` varchar(191) COLLATE utf8mb4_unicode_ci NOT NULL,
  `remember_token` varchar(100) COLLATE utf8mb4_unicode_ci DEFAULT NULL,
  `created_at` timestamp NULL DEFAULT NULL,
  `updated_at` timestamp NULL DEFAULT NULL,
  PRIMARY KEY (`id`),
  UNIQUE KEY `users_email_unique` (`email`)
) ENGINE=MyISAM DEFAULT CHARSET=utf8mb4 COLLATE=utf8mb4_unicode_ci;
COMMIT;

/*!40101 SET CHARACTER_SET_CLIENT=@OLD_CHARACTER_SET_CLIENT */;
/*!40101 SET CHARACTER_SET_RESULTS=@OLD_CHARACTER_SET_RESULTS */;
/*!40101 SET COLLATION_CONNECTION=@OLD_COLLATION_CONNECTION */;
